wals code	name	value	description	latitude	longitude	genus	family	area
aar	Aari	2	Strongly suffixing	6.0	36.5833333333	South Omotic	Afro-Asiatic	Morphology
abi	Abipón	2	Strongly suffixing	-29.0	-61.0	Guaicuruan	Guaicuruan	Morphology
abk	Abkhaz	4	Equal prefixing and suffixing	43.0833333333	41.0	Northwest Caucasian	Northwest Caucasian	Morphology
abv	Abui	4	Equal prefixing and suffixing	-8.25	124.666666667	Greater Alor	Timor-Alor-Pantar	Morphology
abu	Abun	1	Little affixation	-0.5	132.5	North-Central Bird's Head	West Papuan	Morphology
ace	Acehnese	1	Little affixation	5.5	95.5	Malayo-Sumbawan	Austronesian	Morphology
acg	Achagua	4	Equal prefixing and suffixing	4.41666666667	-72.25	Northern Arawakan	Arawakan	Morphology
acl	Acholi	4	Equal prefixing and suffixing	3.0	32.6666666667	Nilotic	Nilo-Saharan	Morphology
acu	Achuar	2	Strongly suffixing	-2.66667	-76.0	Jivaroan	Jivaroan	Morphology
aco	Acoma	4	Equal prefixing and suffixing	34.9166666667	-107.583333333	Keresan	Keresan	Morphology
adg	Adang	1	Little affixation	-8.2	124.0	Greater Alor	Timor-Alor-Pantar	Morphology
adi	Adioukrou	5	Weakly prefixing	5.41666666667	-4.58333333333	Kwa	Niger-Congo	Morphology
adn	Adynyamathanha	2	Strongly suffixing	-30.5	139.5	Pama-Nyungan	Australian	Morphology
aga	Agarabi	3	Weakly suffixing	-6.16666666667	146.0	Eastern Highlands	Trans-New Guinea	Morphology
agc	Agta (Central)	2	Strongly suffixing	17.9666666667	121.833333333	Greater Central Philippine	Austronesian	Morphology
ain	Ainu	4	Equal prefixing and suffixing	43.0	143.0	Ainu	Ainu	Morphology
akn	Akan	6	Strong prefixing	6.5	-1.25	Kwa	Niger-Congo	Morphology
akh	Akha	1	Little affixation	21.8333333333	99.8333333333	Burmese-Lolo	Sino-Tibetan	Morphology
all	Ala'ala	4	Equal prefixing and suffixing	-8.91666666667	146.75	Oceanic	Austronesian	Morphology
ala	Alamblak	2	Strongly suffixing	-4.66666666667	143.333333333	Sepik Hill	Sepik	Morphology
alw	Alawa	2	Strongly suffixing	-15.1666666667	134.25	Maran	Australian	Morphology
alb	Albanian	2	Strongly suffixing	41.0	20.0	Albanian	Indo-European	Morphology
ale	Aleut	2	Strongly suffixing	54.0	-166.0	Aleut	Eskimo-Aleut	Morphology
aln	Alune	4	Equal prefixing and suffixing	-3.0	128.333333333	Central Malayo-Polynesian	Austronesian	Morphology
aly	Alyawarra	2	Strongly suffixing	-22.5	135.0	Pama-Nyungan	Australian	Morphology
amc	Amahuaca	2	Strongly suffixing	-10.5	-72.5	Panoan	Panoan	Morphology
amn	Amanab	2	Strongly suffixing	-3.58333333333	141.25	Border	Border	Morphology
aml	Ambae (Lolovoli Northeast)	1	Little affixation	-15.4166666667	167.883333333	Oceanic	Austronesian	Morphology
amq	Ambai	5	Weakly prefixing	-1.83333333333	136.5	South Halmahera - West New Guinea	Austronesian	Morphology
ame	Amele	2	Strongly suffixing	-5.25	145.583333333	Madang	Trans-New Guinea	Morphology
amh	Amharic	3	Weakly suffixing	10.0	38.0	Semitic	Afro-Asiatic	Morphology
amo	Amo	5	Weakly prefixing	10.3333333333	8.66666666667	Kainji	Niger-Congo	Morphology
amx	Anamuxra	3	Weakly suffixing	-4.66666666667	145.0	Madang	Trans-New Guinea	Morphology
anj	Anejom	4	Equal prefixing and suffixing	-20.2	169.8	Oceanic	Austronesian	Morphology
agm	Angami	1	Little affixation	25.6666666667	94.5	Kuki-Chin	Sino-Tibetan	Morphology
anc	Angas	1	Little affixation	9.5	9.5	West Chadic	Afro-Asiatic	Morphology
ang	Anggor	2	Strongly suffixing	-3.75	141.166666667	Senagi	Senagi	Morphology
agt	Anguthimri	2	Strongly suffixing	-12.3333333333	141.833333333	Pama-Nyungan	Australian	Morphology
ann	Anindilyakwa	4	Equal prefixing and suffixing	-14.0	136.5	Anindilyakwa	Australian	Morphology
anu	Anufo	1	Little affixation	10.0833333333	0.25	Kwa	Niger-Congo	Morphology
any	Anywa	4	Equal prefixing and suffixing	8.0	33.5	Nilotic	Nilo-Saharan	Morphology
ao	Ao	3	Weakly suffixing	26.5833333333	94.6666666667	Kuki-Chin	Sino-Tibetan	Morphology
apw	Apache (Western)	4	Equal prefixing and suffixing	33.75	-110.0	Athapaskan	Na-Dene	Morphology
apl	Apalaí	4	Equal prefixing and suffixing	0.0	-54.0	Cariban	Cariban	Morphology
apt	Apatani	2	Strongly suffixing	27.5	93.75	Tani	Sino-Tibetan	Morphology
apu	Apurinã	4	Equal prefixing and suffixing	-9.0	-67.0	Purus	Arawakan	Morphology
abn	Arabana	2	Strongly suffixing	-28.25	136.25	Pama-Nyungan	Australian	Morphology
aeg	Arabic (Egyptian)	3	Weakly suffixing	30.0	31.0	Semitic	Afro-Asiatic	Morphology
arg	Arabic (Gulf)	3	Weakly suffixing	26.0	49.0	Semitic	Afro-Asiatic	Morphology
arq	Arabic (Iraqi)	4	Equal prefixing and suffixing	33.0	44.0	Semitic	Afro-Asiatic	Morphology
ams	Arabic (Modern Standard)	2	Strongly suffixing	25.0	42.0	Semitic	Afro-Asiatic	Morphology
amr	Arabic (Moroccan)	3	Weakly suffixing	34.0	-6.0	Semitic	Afro-Asiatic	Morphology
asy	Arabic (Syrian)	3	Weakly suffixing	34.0	38.0	Semitic	Afro-Asiatic	Morphology
ana	Araona	2	Strongly suffixing	-12.3333333333	-67.75	Tacanan	Tacanan	Morphology
arp	Arapesh (Mountain)	5	Weakly prefixing	-3.46666666667	143.166666667	Kombio-Arapesh	Torricelli	Morphology
ara	Arawak	4	Equal prefixing and suffixing	5.5	-55.1666666667	Northern Arawakan	Arawakan	Morphology
arc	Archi	2	Strongly suffixing	42.0	46.8333333333	Lezgic	Nakh-Daghestanian	Morphology
arm	Armenian (Eastern)	2	Strongly suffixing	40.0	45.0	Armenian	Indo-European	Morphology
arw	Armenian (Western)	2	Strongly suffixing	38.5	43.5	Armenian	Indo-European	Morphology
aro	Arosi	1	Little affixation	-10.25	161.333333333	Oceanic	Austronesian	Morphology
amp	Arrernte (Mparntwe)	2	Strongly suffixing	-24.0	136.0	Pama-Nyungan	Australian	Morphology
awe	Arrernte (Western)	2	Strongly suffixing	-24.0	132.5	Pama-Nyungan	Australian	Morphology
asm	Asmat	2	Strongly suffixing	-5.5	138.5	Asmat-Kamoro	Trans-New Guinea	Morphology
ass	Assamese	2	Strongly suffixing	26.0	93.0	Indic	Indo-European	Morphology
ata	Atayal	1	Little affixation	24.5	121.333333333	Atayalic	Austronesian	Morphology
ath	Athpare	2	Strongly suffixing	27.0	87.3333333333	Mahakiranti	Sino-Tibetan	Morphology
au	Au	5	Weakly prefixing	-3.58333333333	142.083333333	Wapei-Palei	Torricelli	Morphology
ava	Avar	2	Strongly suffixing	42.5	46.5	Avar-Andic-Tsezic	Nakh-Daghestanian	Morphology
awa	Awa	2	Strongly suffixing	-6.66666666667	145.75	Eastern Highlands	Trans-New Guinea	Morphology
awp	Awa Pit	2	Strongly suffixing	1.5	-78.25	Barbacoan	Barbacoan	Morphology
awt	Awtuw	3	Weakly suffixing	-3.58333333333	142.0	Ram	Sepik	Morphology
aym	Aymara	2	Strongly suffixing	-17.0	-69.0	Aymaran	Aymaran	Morphology
azi	Azari (Iranian)	2	Strongly suffixing	37.5	47.0	Turkic	Altaic	Morphology
aze	Azerbaijani	2	Strongly suffixing	40.5	48.5	Turkic	Altaic	Morphology
bac	Bachamal	4	Equal prefixing and suffixing	-13.1666666667	130.166666667	Anson Bay	Australian	Morphology
bag	Bagirmi	3	Weakly suffixing	11.6666666667	16.0	Bongo-Bagirmi	Nilo-Saharan	Morphology
bgr	Bagiro	5	Weakly prefixing	4.33333333333	20.5833333333	Bongo-Bagirmi	Nilo-Saharan	Morphology
bai	Bai	1	Little affixation	26.0	100.0	Bai	Sino-Tibetan	Morphology
bwc	Bajau (West Coast)	1	Little affixation	6.33333333333	116.333333333	Sama-Bajaw	Austronesian	Morphology
bka	Baka (in Sudan)	1	Little affixation	4.83333333333	29.25	Bongo-Bagirmi	Nilo-Saharan	Morphology
bvi	Bali-Vitu	1	Little affixation	-4.9	149.116666667	Oceanic	Austronesian	Morphology
blt	Balti	2	Strongly suffixing	35.0	76.0	Bodic	Sino-Tibetan	Morphology
bam	Bambara	2	Strongly suffixing	12.5	-7.5	Western Mande	Niger-Congo	Morphology
bnj	Bandjalang	2	Strongly suffixing	-28.75	153.0	Pama-Nyungan	Australian	Morphology
bnn	Banoni	5	Weakly prefixing	-6.41666666667	155.25	Oceanic	Austronesian	Morphology
baa	Barai	2	Strongly suffixing	-9.33333333333	148.083333333	Koiarian	Trans-New Guinea	Morphology
bbu	Barambu	5	Weakly prefixing	3.5	27.0	Ubangi	Niger-Congo	Morphology
brs	Barasano	2	Strongly suffixing	-0.166666666667	-70.6666666667	Tucanoan	Tucanoan	Morphology
bar	Bari	5	Weakly prefixing	5.0	31.6666666667	Nilotic	Nilo-Saharan	Morphology
brp	Barupu	5	Weakly prefixing	-3.08333333333	142.083333333	Warapu	Skou	Morphology
bry	Baruya	3	Weakly suffixing	-6.91666666667	145.916666667	Angan	Trans-New Guinea	Morphology
bae	Baré	3	Weakly suffixing	1.0	-67.0	Northern Arawakan	Arawakan	Morphology
bsk	Bashkir	2	Strongly suffixing	53.0	58.0	Turkic	Altaic	Morphology
bsq	Basque	4	Equal prefixing and suffixing	43.0	-3.0	Basque	Basque	Morphology
bkr	Batak (Karo)	2	Strongly suffixing	3.25	98.25	Northwest Sumatra-Barrier Islands	Austronesian	Morphology
bto	Batak (Toba)	4	Equal prefixing and suffixing	2.5	99.0	Northwest Sumatra-Barrier Islands	Austronesian	Morphology
baq	Baure	3	Weakly suffixing	-13.0833333333	-64.1666666667	Bolivia-Parana	Arawakan	Morphology
baw	Bawm	1	Little affixation	22.5	92.25	Kuki-Chin	Sino-Tibetan	Morphology
bej	Beja	3	Weakly suffixing	18.0	36.0	Beja	Afro-Asiatic	Morphology
bel	Belhare	3	Weakly suffixing	26.9666666667	87.3	Mahakiranti	Sino-Tibetan	Morphology
bco	Bella Coola	2	Strongly suffixing	52.5	-126.666666667	Bella Coola	Salishan	Morphology
blr	Belorussian	2	Strongly suffixing	54.0	28.0	Slavic	Indo-European	Morphology
bfg	Berber (Figuig)	5	Weakly prefixing	32.5	-1.5	Berber	Afro-Asiatic	Morphology
bma	Berber (Middle Atlas)	4	Equal prefixing and suffixing	33.0	-5.0	Berber	Afro-Asiatic	Morphology
brf	Berber (Rif)	5	Weakly prefixing	34.5	-4.0	Berber	Afro-Asiatic	Morphology
zag	Beria	3	Weakly suffixing	16.0	23.0	Eastern Saharan	Nilo-Saharan	Morphology
ber	Berta	3	Weakly suffixing	10.3333333333	34.6666666667	Berta	Nilo-Saharan	Morphology
bti	Betoi	3	Weakly suffixing	7.16666666667	-71.25	Betoi	Betoi	Morphology
bkb	Betta Kurumba	2	Strongly suffixing	11.5	76.75	Southern Dravidian	Dravidian	Morphology
bho	Bhojpuri	2	Strongly suffixing	26.0	84.0	Indic	Indo-European	Morphology
bik	Biak	5	Weakly prefixing	-1.0	136.0	South Halmahera - West New Guinea	Austronesian	Morphology
bkl	Bikol	1	Little affixation	13.3333333333	123.5	Greater Central Philippine	Austronesian	Morphology
bln	Bilin	2	Strongly suffixing	15.75	38.5	Central Cushitic	Afro-Asiatic	Morphology
bnr	Bilinara	2	Strongly suffixing	-16.0	131.666666667	Pama-Nyungan	Australian	Morphology
blx	Biloxi	4	Equal prefixing and suffixing	30.5	-88.6666666667	Siouan	Siouan	Morphology
bil	Bilua	3	Weakly suffixing	-7.75	156.666666667	Bilua	Solomons East Papuan	Morphology
bmb	Bimoba	2	Strongly suffixing	10.5	0.0	Gur	Niger-Congo	Morphology
bbw	Bininj Gun-Wok	5	Weakly prefixing	-12.5	133.75	Gunwinygic	Australian	Morphology
bii	Biri	2	Strongly suffixing	-20.5	146.5	Pama-Nyungan	Australian	Morphology
bir	Birom	6	Strong prefixing	9.66666666667	8.83333333333	Platoid	Niger-Congo	Morphology
bla	Blackfoot	5	Weakly prefixing	50.0	-112.666666667	Algonquian	Algic	Morphology
bod	Bodo	2	Strongly suffixing	26.8333333333	92.0	Bodo-Garo	Sino-Tibetan	Morphology
bgo	Bongo	5	Weakly prefixing	7.5	28.5	Bongo-Bagirmi	Nilo-Saharan	Morphology
btk	Bontok	4	Equal prefixing and suffixing	17.0833333333	120.916666667	Northern Luzon	Austronesian	Morphology
brr	Bororo	3	Weakly suffixing	-16.0	-57.0	Bororo	Macro-Ge	Morphology
brh	Brahui	2	Strongly suffixing	28.5	67.0	Northern Dravidian	Dravidian	Morphology
bre	Breton	3	Weakly suffixing	48.0	-3.0	Celtic	Indo-European	Morphology
bri	Bribri	2	Strongly suffixing	9.41666666667	-83.0	Talamanca	Chibchan	Morphology
bdu	Budu	6	Strong prefixing	2.0	28.0	Bantoid	Niger-Congo	Morphology
bud	Buduma	4	Equal prefixing and suffixing	13.5	14.5	Biu-Mandara	Afro-Asiatic	Morphology
bun	Buin	2	Strongly suffixing	-6.75	155.75	East Bougainville	East Bougainville	Morphology
bnu	Bularnu	2	Strongly suffixing	-21.0	138.0	Pama-Nyungan	Australian	Morphology
bul	Bulgarian	2	Strongly suffixing	42.5	25.0	Slavic	Indo-European	Morphology
bua	Burarra	5	Weakly prefixing	-12.25	134.583333333	Burarran	Australian	Morphology
but	Buriat	2	Strongly suffixing	52.0	108.0	Mongolic	Altaic	Morphology
brm	Burmese	2	Strongly suffixing	21.0	96.0	Burmese-Lolo	Sino-Tibetan	Morphology
bmr	Burum	2	Strongly suffixing	-6.5	147.333333333	Finisterre-Huon	Trans-New Guinea	Morphology
brn	Burunge	2	Strongly suffixing	-5.33333333333	36.0	Southern Cushitic	Afro-Asiatic	Morphology
bur	Burushaski	3	Weakly suffixing	36.5	74.5	Burushaski	Burushaski	Morphology
bsh	Bushoong	6	Strong prefixing	-4.5	21.5	Bantoid	Niger-Congo	Morphology
bya	Byansi	2	Strongly suffixing	30.1666666667	80.5	Bodic	Sino-Tibetan	Morphology
cah	Cahuilla	4	Equal prefixing and suffixing	33.5	-116.25	Takic	Uto-Aztecan	Morphology
cax	Campa (Axininca)	2	Strongly suffixing	-12.0	-74.0	Pre-Andine Arawakan	Arawakan	Morphology
cam	Camsá	5	Weakly prefixing	1.16666666667	-77.0	Camsá	Camsá	Morphology
cnm	Canamarí	4	Equal prefixing and suffixing	-6.5	-68.5	Katukinan	Katukinan	Morphology
ckr	Canela-Krahô	1	Little affixation	-6.0	-46.0	Ge-Kaingang	Macro-Ge	Morphology
cnt	Cantonese	1	Little affixation	23.0	113.0	Chinese	Sino-Tibetan	Morphology
crp	Carapana	2	Strongly suffixing	0.833333333333	-70.75	Tucanoan	Tucanoan	Morphology
car	Carib	4	Equal prefixing and suffixing	5.5	-56.0	Cariban	Cariban	Morphology
cde	Carib (De'kwana)	4	Equal prefixing and suffixing	5.5	-65.0	Cariban	Cariban	Morphology
cas	Cashibo	2	Strongly suffixing	-8.5	-75.5	Panoan	Panoan	Morphology
cay	Cayapa	2	Strongly suffixing	0.666666666667	-79.0	Barbacoan	Barbacoan	Morphology
cyv	Cayuvava	5	Weakly prefixing	-13.5	-65.5	Cayuvava	Cayuvava	Morphology
chh	Chaha	4	Equal prefixing and suffixing	8.112935	37.93267	Semitic	Afro-Asiatic	Morphology
cha	Chamorro	1	Little affixation	13.45	144.75	Chamorro	Austronesian	Morphology
chg	Chang	4	Equal prefixing and suffixing	26.3333333333	94.75	Northern Naga	Sino-Tibetan	Morphology
chc	Chechen	2	Strongly suffixing	43.25	45.8333333333	Nakh	Nakh-Daghestanian	Morphology
cmh	Chemehuevi	2	Strongly suffixing	34.3333333333	-115.166666667	Numic	Uto-Aztecan	Morphology
che	Cherokee	5	Weakly prefixing	35.5	-83.5	Southern Iroquoian	Iroquoian	Morphology
chi	Chimariko	3	Weakly suffixing	41.0	-123.0	Chimariko	Hokan	Morphology
chs	Chin (Siyin)	1	Little affixation	23.8333333333	94.0	Kuki-Chin	Sino-Tibetan	Morphology
cti	Chin (Tiddim)	6	Strong prefixing	23.3333333333	93.6666666667	Kuki-Chin	Sino-Tibetan	Morphology
ccm	Chinantec (Comaltepec)	6	Strong prefixing	17.5833333333	-96.4166666667	Chinantecan	Oto-Manguean	Morphology
cle	Chinantec (Lealao)	1	Little affixation	17.3333333333	-95.9166666667	Chinantecan	Oto-Manguean	Morphology
cpl	Chinantec (Palantla)	4	Equal prefixing and suffixing	18.8333333333	-96.75	Chinantecan	Oto-Manguean	Morphology
chq	Chinantec (Quiotepec)	4	Equal prefixing and suffixing	17.5833333333	-96.6666666667	Chinantecan	Oto-Manguean	Morphology
ckl	Chinook (Lower)	5	Weakly prefixing	46.25	-123.5	Chinookan	Penutian	Morphology
cpy	Chipaya	2	Strongly suffixing	-18.75	-67.8333333333	Uru-Chipaya	Uru-Chipaya	Morphology
chp	Chipewyan	6	Strong prefixing	59.0	-106.0	Athapaskan	Na-Dene	Morphology
ctm	Chitimacha	2	Strongly suffixing	29.6666666667	-91.0	Chitimacha	Chitimacha	Morphology
cct	Choctaw	4	Equal prefixing and suffixing	32.25	-88.5	Muskogean	Muskogean	Morphology
cln	Cholón	3	Weakly suffixing	-8.0	-77.5	Cholon	Cholon	Morphology
chx	Chontal (Huamelultec Oaxaca)	3	Weakly suffixing	16.0	-95.75	Tequistlatecan	TequistlatecanMorphology
cmy	Chontal Maya	2	Strongly suffixing	18.1666666667	-92.5833333333	Mayan	Mayan	Morphology
chr	Chrau	1	Little affixation	10.75	107.5	Bahnaric	Austro-Asiatic	Morphology
chk	Chukchi	3	Weakly suffixing	67.0	-173.0	Northern Chukotko-Kamchatkan	Chukotko-Kamchatkan	Morphology
cba	Chumash (Barbareño)	4	Equal prefixing and suffixing	34.5	-120.25	Chumash	Chumash	Morphology
chv	Chuvash	2	Strongly suffixing	55.5	47.5	Turkic	Altaic	Morphology
cbo	Chácobo	2	Strongly suffixing	-12.1666666667	-66.75	Panoan	Panoan	Morphology
coa	Coahuilteco	4	Equal prefixing and suffixing	28.0	-100.0	Coahuiltecan	Coahuiltecan	Morphology
coc	Cocama	2	Strongly suffixing	-5.0	-74.5	Tupi-Guaraní	Tupian	Morphology
cmn	Comanche	2	Strongly suffixing	33.5	-101.5	Numic	Uto-Aztecan	Morphology
coo	Coos (Hanis)	3	Weakly suffixing	43.5	-124.166666667	Coosan	Oregon Coast	Morphology
cop	Coptic	5	Weakly prefixing	26.0	32.0	Egyptian-Coptic	Afro-Asiatic	Morphology
crn	Cornish	2	Strongly suffixing	50.3333333333	-5.0	Celtic	Indo-European	Morphology
cos	Costanoan	2	Strongly suffixing	37.0	-122.0	Costanoan	Penutian	Morphology
cre	Cree (Plains)	4	Equal prefixing and suffixing	54.0	-110.0	Algonquian	Algic	Morphology
cub	Cubeo	2	Strongly suffixing	1.33333333333	-70.5	Tucanoan	Tucanoan	Morphology
cup	Cupeño	4	Equal prefixing and suffixing	33.1666666667	-116.5	Takic	Uto-Aztecan	Morphology
cze	Czech	3	Weakly suffixing	50.0	15.0	Slavic	Indo-European	Morphology
cem	Cèmuhî	1	Little affixation	-20.8333333333	165.166666667	Oceanic	Austronesian	Morphology
dag	Daga	2	Strongly suffixing	-10.0	149.333333333	Dagan	Dagan	Morphology
dgb	Dagbani	3	Weakly suffixing	9.58333333333	-0.5	Gur	Niger-Congo	Morphology
dgr	Dagur	2	Strongly suffixing	48.0	124.0	Mongolic	Altaic	Morphology
dni	Dani (Lower Grand Valley)	2	Strongly suffixing	-4.33333333333	138.833333333	Dani	Trans-New Guinea	Morphology
dsh	Danish	2	Strongly suffixing	56.0	10.0	Germanic	Indo-European	Morphology
drm	Darma	3	Weakly suffixing	30.0	79.75	Bodic	Sino-Tibetan	Morphology
des	Desano	2	Strongly suffixing	0.833333333333	-69.8333333333	Tucanoan	Tucanoan	Morphology
deu	Deuri	2	Strongly suffixing	26.0	90.25	Bodo-Garo	Sino-Tibetan	Morphology
dhw	Dharawal	2	Strongly suffixing	-34.5	150.5	Pama-Nyungan	Australian	Morphology
dhr	Dhargari	2	Strongly suffixing	-23.75	114.916666667	Pama-Nyungan	Australian	Morphology
did	Didinga	2	Strongly suffixing	4.5	33.5	Surmic	Nilo-Saharan	Morphology
die	Diegueño (Mesa Grande)	5	Weakly prefixing	32.6666666667	-116.166666667	Yuman	Hokan	Morphology
dig	Digaro	2	Strongly suffixing	28.4166666667	96.0	Digaroan	Sino-Tibetan	Morphology
dms	Dimasa	2	Strongly suffixing	25.5	93.0	Bodo-Garo	Sino-Tibetan	Morphology
dim	Dime	2	Strongly suffixing	6.16666666667	36.25	South Omotic	Afro-Asiatic	Morphology
din	Dinka	1	Little affixation	8.5	28.0	Nilotic	Nilo-Saharan	Morphology
dio	Diola-Fogny	4	Equal prefixing and suffixing	13.0	-16.25	Northern Atlantic	Niger-Congo	Morphology
diy	Diyari	2	Strongly suffixing	-28.0	139.0	Pama-Nyungan	Australian	Morphology
dja	Djabugay	2	Strongly suffixing	-16.75	145.583333333	Pama-Nyungan	Australian	Morphology
djm	Djambarrpuyngu	2	Strongly suffixing	-12.1666666667	135.5	Pama-Nyungan	Australian	Morphology
djp	Djapu	2	Strongly suffixing	-12.6666666667	136.0	Pama-Nyungan	Australian	Morphology
djr	Djaru	2	Strongly suffixing	-18.75	128.0	Pama-Nyungan	Australian	Morphology
djn	Djinang	2	Strongly suffixing	-12.3333333333	134.833333333	Pama-Nyungan	Australian	Morphology
dji	Djingili	2	Strongly suffixing	-17.75	134.0	West Barkly	Australian	Morphology
dlm	Dla (Menggwa)	2	Strongly suffixing	-3.55	141.033333333	Senagi	Senagi	Morphology
dom	Domari	2	Strongly suffixing	32.0	35.0	Indic	Indo-European	Morphology
dgo	Dongo	3	Weakly suffixing	3.0	30.0	Ubangi	Niger-Congo	Morphology
dds	Donno So	2	Strongly suffixing	14.3333333333	-3.58333333333	Dogon	Niger-Congo	Morphology
doy	Doyayo	2	Strongly suffixing	8.66666666667	13.0833333333	Adamawa	Niger-Congo	Morphology
dre	Drehu	1	Little affixation	-21.0	167.25	Oceanic	Austronesian	Morphology
duk	Duka	1	Little affixation	11.1666666667	5.08333333333	Kainji	Niger-Congo	Morphology
dmk	Dumaki	2	Strongly suffixing	36.1666666667	74.0	Indic	Indo-European	Morphology
dun	Duna	1	Little affixation	-5.5	142.5	Duna	Trans-New Guinea	Morphology
dut	Dutch	2	Strongly suffixing	52.5	6.0	Germanic	Indo-European	Morphology
dyi	Dyirbal	2	Strongly suffixing	-17.8333333333	145.583333333	Pama-Nyungan	Australian	Morphology
erk	Efate (South)	5	Weakly prefixing	-17.75	168.416666667	Oceanic	Austronesian	Morphology
eip	Eipo	2	Strongly suffixing	-4.33333333333	140.083333333	Mek	Trans-New Guinea	Morphology
emb	Emberá (Northern)	2	Strongly suffixing	6.83333333333	-77.1666666667	Choco	Choco	Morphology
ene	Enets	2	Strongly suffixing	67.5	86.5	Samoyedic	Uralic	Morphology
egn	Engenni	1	Little affixation	5.16666666667	6.38333333333	Edoid	Niger-Congo	Morphology
eno	Enggano	5	Weakly prefixing	-5.41666666667	102.25	Enggano	Austronesian	Morphology
eng	English	2	Strongly suffixing	52.0	0.0	Germanic	Indo-European	Morphology
epe	Epena Pedee	2	Strongly suffixing	3.0	-77.0	Choco	Choco	Morphology
ese	Ese Ejja	1	Little affixation	-11.0	-66.0	Tacanan	Tacanan	Morphology
est	Estonian	2	Strongly suffixing	59.0	26.0	Finnic	Uralic	Morphology
eud	Eudeve	3	Weakly suffixing	29.1666666667	-109.666666667	Cahita	Uto-Aztecan	Morphology
evn	Even	2	Strongly suffixing	68.0	130.0	Tungusic	Altaic	Morphology
eve	Evenki	2	Strongly suffixing	56.0	125.0	Tungusic	Altaic	Morphology
ewe	Ewe	4	Equal prefixing and suffixing	6.33333333333	0.416666666667	Kwa	Niger-Congo	Morphology
ewo	Ewondo	6	Strong prefixing	4.0	12.0	Bantoid	Niger-Congo	Morphology
fas	Fasu	2	Strongly suffixing	-6.58333333333	143.333333333	Fasu	Trans-New Guinea	Morphology
fij	Fijian	1	Little affixation	-17.8333333333	178.0	Oceanic	Austronesian	Morphology
fin	Finnish	2	Strongly suffixing	62.0	25.0	Finnic	Uralic	Morphology
pdp	Folopa	2	Strongly suffixing	-7.0	144.5	Teberan	Teberan-Pawaian	Morphology
for	Fore	2	Strongly suffixing	-6.75	145.5	Eastern Highlands	Trans-New Guinea	Morphology
fre	French	2	Strongly suffixing	48.0	2.0	Romance	Indo-European	Morphology
fua	Fula (Cameroonian)	3	Weakly suffixing	9.16666666667	13.5	Northern Atlantic	Niger-Congo	Morphology
ful	Fulniô	4	Equal prefixing and suffixing	-8.0	-37.5	Yatê	Macro-Ge	Morphology
fur	Fur	3	Weakly suffixing	13.5	25.0	Fur	Nilo-Saharan	Morphology
fut	Futuna-Aniwa	1	Little affixation	-19.5333333333	170.216666667	Oceanic	Austronesian	Morphology
fye	Fyem	3	Weakly suffixing	9.58333333333	9.33333333333	Platoid	Niger-Congo	Morphology
gaa	Gaagudju	4	Equal prefixing and suffixing	-12.5833333333	132.833333333	Gaagudju	Australian	Morphology
gds	Gadsup	3	Weakly suffixing	-6.25	146.0	Eastern Highlands	Trans-New Guinea	Morphology
gae	Gaelic (Scots)	3	Weakly suffixing	57.0	-4.0	Celtic	Indo-European	Morphology
gah	Gahuku	2	Strongly suffixing	-6.0	145.416666667	Eastern Highlands	Trans-New Guinea	Morphology
gal	Galo	2	Strongly suffixing	28.1666666667	94.6666666667	Tani	Sino-Tibetan	Morphology
gar	Garo	2	Strongly suffixing	25.6666666667	90.5	Bodo-Garo	Sino-Tibetan	Morphology
grr	Garrwa	2	Strongly suffixing	-17.0833333333	137.166666667	Garrwan	Australian	Morphology
gbk	Gbaya Kara	4	Equal prefixing and suffixing	6.0	15.0	Gbaya-Manza-Ngbaka	Niger-Congo	Morphology
gbb	Gbeya Bossangoa	2	Strongly suffixing	6.66666666667	17.5	Gbaya-Manza-Ngbaka	Niger-Congo	Morphology
geo	Georgian	3	Weakly suffixing	42.0	44.0	Kartvelian	Kartvelian	Morphology
ger	German	2	Strongly suffixing	52.0	10.0	Germanic	Indo-European	Morphology
gim	Gimira	2	Strongly suffixing	7.0	35.75	North Omotic	Afro-Asiatic	Morphology
goa	Goajiro	3	Weakly suffixing	12.0	-72.0	Northern Arawakan	Arawakan	Morphology
goe	Goemai	1	Little affixation	8.66666666667	9.75	West Chadic	Afro-Asiatic	Morphology
gok	Gokana	1	Little affixation	4.58333333333	7.33333333333	Cross River	Niger-Congo	Morphology
gln	Golin	2	Strongly suffixing	-6.33333333333	144.75	Chimbu	Trans-New Guinea	Morphology
gon	Gondi	2	Strongly suffixing	19.0	81.0	South-Central Dravidian	Dravidian	Morphology
goo	Gooniyandi	5	Weakly prefixing	-18.3333333333	126.333333333	Bunuban	Australian	Morphology
grb	Grebo	2	Strongly suffixing	5.0	-8.0	Kru	Niger-Congo	Morphology
grk	Greek (Modern)	2	Strongly suffixing	39.0	22.0	Greek	Indo-European	Morphology
grw	Greenlandic (West)	2	Strongly suffixing	64.0	-51.0	Eskimo	Eskimo-Aleut	Morphology
gua	Guaraní	6	Strong prefixing	-26.0	-56.0	Tupi-Guaraní	Tupian	Morphology
gud	Gude	2	Strongly suffixing	10.4166666667	13.4166666667	Biu-Mandara	Afro-Asiatic	Morphology
gug	Gugada	2	Strongly suffixing	-30.0	134.0	Pama-Nyungan	Australian	Morphology
gul	Gula (in Central African Republic)	1	Little affixation	9.5	22.5	Bongo-Bagirmi	Nilo-Saharan	Morphology
gmw	Gumawana	4	Equal prefixing and suffixing	-9.25	150.833333333	Oceanic	Austronesian	Morphology
gmz	Gumuz	3	Weakly suffixing	12.5	35.8333333333	Gumuz	Nilo-Saharan	Morphology
gnn	Gunin	5	Weakly prefixing	-14.25	126.666666667	Wororan	Australian	Morphology
ggu	Gureng Gureng	2	Strongly suffixing	-25.25	151.0	Pama-Nyungan	Australian	Morphology
gur	Gurung	3	Weakly suffixing	28.3333333333	84.3333333333	Bodic	Sino-Tibetan	Morphology
guu	Guugu Yimidhirr	2	Strongly suffixing	-15.0	144.833333333	Pama-Nyungan	Australian	Morphology
gyc	Gyarong (Cogtse)	5	Weakly prefixing	31.5	102.0	rGyalrong	Sino-Tibetan	Morphology
gku	Gününa Küne	3	Weakly suffixing	-41.0	-67.0	Puelche	Chon	Morphology
hai	Haida	2	Strongly suffixing	53.0	-132.0	Haida	Haida	Morphology
hal	Halia	2	Strongly suffixing	-5.25	154.666666667	Oceanic	Austronesian	Morphology
ham	Hamtai	4	Equal prefixing and suffixing	-7.5	146.25	Angan	Trans-New Guinea	Morphology
hat	Hatam	6	Strong prefixing	-1.0	134.0	Hatam	West Papuan	Morphology
hau	Hausa	1	Little affixation	12.0	7.0	West Chadic	Afro-Asiatic	Morphology
haw	Hawaiian	1	Little affixation	19.5833333333	-155.5	Oceanic	Austronesian	Morphology
hay	Hayu	2	Strongly suffixing	27.25	86.0	Mahakiranti	Sino-Tibetan	Morphology
heb	Hebrew (Modern)	3	Weakly suffixing	31.5	34.8333333333	Semitic	Afro-Asiatic	Morphology
hin	Hindi	2	Strongly suffixing	25.0	77.0	Indic	Indo-European	Morphology
hix	Hixkaryana	4	Equal prefixing and suffixing	-1.0	-59.0	Cariban	Cariban	Morphology
hma	Hmar	1	Little affixation	24.1666666667	93.0	Kuki-Chin	Sino-Tibetan	Morphology
hmo	Hmong Njua	1	Little affixation	28.0	105.0	Hmong-Mien	Hmong-Mien	Morphology
ho	Ho	2	Strongly suffixing	22.0	86.0	Munda	Austro-Asiatic	Morphology
hoa	Hoava	1	Little affixation	-8.08333333333	157.5	Oceanic	Austronesian	Morphology
hop	Hopi	2	Strongly suffixing	36.0	-110.0	Hopi	Uto-Aztecan	Morphology
hua	Hua	3	Weakly suffixing	-6.33333333333	145.333333333	Eastern Highlands	Trans-New Guinea	Morphology
hlp	Hualapai	3	Weakly suffixing	35.5	-113.75	Yuman	Hokan	Morphology
htc	Huastec	1	Little affixation	22.0833333333	-99.3333333333	Mayan	Mayan	Morphology
hve	Huave (San Mateo del Mar)	4	Equal prefixing and suffixing	16.2166666667	-95.0	Huavean	HuaveanMorphology
hui	Huichol	4	Equal prefixing and suffixing	22.0	-104.0	Corachol	Uto-Aztecan	Morphology
hmi	Huitoto (Minica)	2	Strongly suffixing	-0.333333333333	-74.0	Huitoto	Huitotoan	Morphology
hum	Huitoto (Murui)	2	Strongly suffixing	-1.0	-73.5	Huitoto	Huitotoan	Morphology
hnd	Hunde	6	Strong prefixing	-1.16666666667	28.8333333333	Bantoid	Niger-Congo	Morphology
hun	Hungarian	2	Strongly suffixing	47.0	20.0	Ugric	Uralic	Morphology
hzb	Hunzib	2	Strongly suffixing	42.1666666667	46.25	Avar-Andic-Tsezic	Nakh-Daghestanian	Morphology
hpd	Hup	2	Strongly suffixing	0.166666666667	-69.25	Nadahup	Nadahup	Morphology
hup	Hupa	5	Weakly prefixing	41.0833333333	-123.666666667	Athapaskan	Na-Dene	Morphology
isa	I'saka	1	Little affixation	-2.83333333333	141.283333333	Krisa	Skou	Morphology
iaa	Iaai	1	Little affixation	-20.4166666667	166.583333333	Oceanic	Austronesian	Morphology
iba	Iban	1	Little affixation	2.0	112.0	Malayo-Sumbawan	Austronesian	Morphology
ice	Icelandic	2	Strongly suffixing	65.0	-17.0	Germanic	Indo-European	Morphology
idn	Iduna	5	Weakly prefixing	-9.33333333333	150.25	Oceanic	Austronesian	Morphology
ifu	Ifugao (Batad)	4	Equal prefixing and suffixing	16.8333333333	121.083333333	Northern Luzon	Austronesian	Morphology
ign	Ignaciano	4	Equal prefixing and suffixing	-15.1666666667	-65.4166666667	Bolivia-Parana	Arawakan	Morphology
ijo	Ijo (Kolokuma)	3	Weakly suffixing	4.91666666667	5.66666666667	Ijoid	Niger-Congo	Morphology
ik	Ik	2	Strongly suffixing	3.75	34.1666666667	Kuliak	Nilo-Saharan	Morphology
ika	Ika	3	Weakly suffixing	10.6666666667	-73.75	Aruak	Chibchan	Morphology
ina	Inanwatan	4	Equal prefixing and suffixing	-2.08333333333	132.083333333	South Bird's Head	Marind	Morphology
ind	Indonesian	2	Strongly suffixing	0.0	106.0	Malayo-Sumbawan	Austronesian	Morphology
igs	Ingessana	3	Weakly suffixing	11.5	34.0	Eastern Jebel	Nilo-Saharan	Morphology
ing	Ingush	2	Strongly suffixing	43.1666666667	45.0833333333	Nakh	Nakh-Daghestanian	Morphology
inn	Innamincka	2	Strongly suffixing	-27.75	140.75	Pama-Nyungan	Australian	Morphology
iqu	Iquito	4	Equal prefixing and suffixing	-3.25	-74.0	Zaparoan	Zaparoan	Morphology
irx	Iranxe	2	Strongly suffixing	-13.0	-58.0	Iranxe	Iranxe	Morphology
irq	Iraqw	2	Strongly suffixing	-4.0	35.5	Southern Cushitic	Afro-Asiatic	Morphology
irr	Irarutu	6	Strong prefixing	-3.0	133.5	South Halmahera - West New Guinea	Austronesian	Morphology
iri	Irish	4	Equal prefixing and suffixing	53.0	-8.0	Celtic	Indo-European	Morphology
ita	Italian	2	Strongly suffixing	43.0	12.0	Romance	Indo-European	Morphology
ite	Itelmen	2	Strongly suffixing	57.0	157.5	Southern Chukotko-Kamchatkan	Chukotko-Kamchatkan	Morphology
izi	Izi	4	Equal prefixing and suffixing	6.33333333333	8.0	Igboid	Niger-Congo	Morphology
jab	Jabêm	4	Equal prefixing and suffixing	-6.58333333333	147.783333333	Oceanic	Austronesian	Morphology
jak	Jakaltek	6	Strong prefixing	15.6666666667	-91.6666666667	Mayan	Mayan	Morphology
jms	Jamsay	2	Strongly suffixing	14.4166666667	-2.5	Dogon	Niger-Congo	Morphology
jpn	Japanese	2	Strongly suffixing	37.0	140.0	Japanese	Japanese	Morphology
jaq	Jaqaru	2	Strongly suffixing	-13.0	-76.0	Aymaran	Aymaran	Morphology
jeb	Jebero	2	Strongly suffixing	-5.41666666667	-76.5	Cahuapanan	Cahuapanan	Morphology
jng	Jingpho	1	Little affixation	25.4166666667	97.0	Jingpho	Sino-Tibetan	Morphology
jiv	Jivaro	2	Strongly suffixing	-2.5	-78.0	Jivaroan	Jivaroan	Morphology
juk	Jukun	1	Little affixation	6.91666666667	10.4166666667	Platoid	Niger-Congo	Morphology
jmo	Jur Mödö	1	Little affixation	6.0	30.0	Bongo-Bagirmi	Nilo-Saharan	Morphology
juh	Ju|'hoan	1	Little affixation	-19.0	21.0	Northern Khoisan	Khoisan	Morphology
kab	Kabardian	4	Equal prefixing and suffixing	43.5	43.5	Northwest Caucasian	Northwest Caucasian	Morphology
kac	Kachari	2	Strongly suffixing	26.5	91.0	Bodo-Garo	Sino-Tibetan	Morphology
krr	Kairiru	4	Equal prefixing and suffixing	-3.33333333333	143.583333333	Oceanic	Austronesian	Morphology
kkv	Kaliai-Kove	5	Weakly prefixing	-5.58333333333	149.666666667	Oceanic	Austronesian	Morphology
kls	Kalispel	5	Weakly prefixing	48.0	-117.0	Interior Salish	Salishan	Morphology
kmk	Kalmyk	2	Strongly suffixing	44.0	83.0	Mongolic	Altaic	Morphology
kma	Kamaiurá	4	Equal prefixing and suffixing	-12.0833333333	-52.5833333333	Tupi-Guaraní	TupianMorphology
kmz	Kamasau	5	Weakly prefixing	-3.91666666667	143.666666667	Marienberg	Torricelli	Morphology
kms	Kamass	2	Strongly suffixing	52.0	92.0	Samoyedic	Uralic	Morphology
kba	Kamba	6	Strong prefixing	-1.5	38.0	Bantoid	Niger-Congo	Morphology
kmr	Kamoro	3	Weakly suffixing	-4.33333333333	136.0	Asmat-Kamoro	Trans-New Guinea	Morphology
kan	Kana	5	Weakly prefixing	4.75	7.41666666667	Cross River	Niger-Congo	Morphology
knk	Kanakuru	2	Strongly suffixing	10.0	12.0	West Chadic	Afro-Asiatic	Morphology
kbu	Kanembu	2	Strongly suffixing	14.0	15.0	Western Saharan	Nilo-Saharan	Morphology
knd	Kannada	2	Strongly suffixing	14.0	76.0	Southern Dravidian	Dravidian	Morphology
knr	Kanuri	2	Strongly suffixing	12.0	13.0	Western Saharan	Nilo-Saharan	Morphology
kar	Kara (in Central African Republic)	2	Strongly suffixing	10.0	23.0	Bongo-Bagirmi	Nilo-Saharan	Morphology
krc	Karachay-Balkar	2	Strongly suffixing	43.5	42.0	Turkic	Altaic	Morphology
krj	Karadjeri	2	Strongly suffixing	-19.0	122.0	Pama-Nyungan	Australian	Morphology
kkp	Karakalpak	2	Strongly suffixing	43.0	60.0	Turkic	Altaic	Morphology
kbw	Karen (Bwe)	5	Weakly prefixing	19.5	97.0	Karen	Sino-Tibetan	Morphology
ksg	Karen (Sgaw)	1	Little affixation	18.0	97.0	Karen	Sino-Tibetan	Morphology
kmj	Karimojong	5	Weakly prefixing	3.0	34.1666666667	Nilotic	Nilo-Saharan	Morphology
krk	Karok	4	Equal prefixing and suffixing	41.6666666667	-123.0	Karok	Karok	Morphology
kaa	Karó (Arára)	1	Little affixation	-10.3333333333	-62.0	Ramarama	Tupian	Morphology
ktc	Katcha	5	Weakly prefixing	10.8333333333	29.6666666667	Kadugli	Kadugli	Morphology
ktl	Katla	4	Equal prefixing and suffixing	11.8333333333	29.3333333333	Katla-Tima	Niger-Congo	Morphology
kws	Kawaiisu	2	Strongly suffixing	36.0	-117.5	Numic	Uto-Aztecan	Morphology
kyl	Kayah Li (Eastern)	1	Little affixation	19.0	97.5	Karen	Sino-Tibetan	Morphology
kay	Kayardild	2	Strongly suffixing	-17.05	139.5	Tangkic	Australian	Morphology
kel	Kele	6	Strong prefixing	-2.08333333333	147.083333333	Oceanic	Austronesian	Morphology
kem	Kemant	2	Strongly suffixing	12.6666666667	37.4166666667	Central Cushitic	Afro-Asiatic	Morphology
ken	Kenga	2	Strongly suffixing	12.0	18.0	Bongo-Bagirmi	Nilo-Saharan	Morphology
ker	Kera	2	Strongly suffixing	9.83333333333	15.0833333333	East Chadic	Afro-Asiatic	Morphology
ksa	Keresan (Santa Ana)	5	Weakly prefixing	35.4166666667	-106.666666667	Keresan	Keresan	Morphology
ket	Ket	5	Weakly prefixing	64.0	87.0	Yeniseian	Yeniseian	Morphology
kew	Kewa	2	Strongly suffixing	-6.5	143.833333333	Engan	Trans-New Guinea	Morphology
khl	Khalaj	2	Strongly suffixing	35.0	50.0	Turkic	Altaic	Morphology
khg	Khaling	2	Strongly suffixing	27.5	86.6666666667	Mahakiranti	Sino-Tibetan	Morphology
kha	Khalkha	2	Strongly suffixing	47.0	105.0	Mongolic	Altaic	Morphology
kmh	Kham	3	Weakly suffixing	28.5	82.75	Mahakiranti	Sino-Tibetan	Morphology
kty	Khanty	2	Strongly suffixing	65.0	65.0	Ugric	Uralic	Morphology
khr	Kharia	1	Little affixation	22.5	84.3333333333	Munda	Austro-Asiatic	Morphology
khs	Khasi	1	Little affixation	25.5	92.0	Khasian	Austro-Asiatic	Morphology
khi	Khinalug	2	Strongly suffixing	41.1666666667	48.0833333333	Lezgic	Nakh-Daghestanian	Morphology
khm	Khmer	1	Little affixation	12.5	105.0	Khmer	Austro-Asiatic	Morphology
kmu	Khmu'	1	Little affixation	21.0	102.0	Palaung-Khmuic	Austro-Asiatic	Morphology
kho	Khoekhoe	2	Strongly suffixing	-25.5	18.0	Central Khoisan	Khoisan	Morphology
kik	Kikuyu	6	Strong prefixing	-0.75	36.75	Bantoid	Niger-Congo	Morphology
klv	Kilivila	5	Weakly prefixing	-8.5	151.083333333	Oceanic	Austronesian	Morphology
klw	Kiliwa	4	Equal prefixing and suffixing	31.3333333333	-115.666666667	Yuman	Hokan	Morphology
kim	Kimaghama	1	Little affixation	-8.0	138.5	Kolopom	Kolopom	Morphology
knn	Kinnauri	2	Strongly suffixing	31.5	78.0	Bodic	Sino-Tibetan	Morphology
kio	Kiowa	4	Equal prefixing and suffixing	37.0	-99.0	Kiowa-Tanoan	Kiowa-Tanoan	Morphology
kri	Kipea	4	Equal prefixing and suffixing	-10.0	-37.0	Kariri	Kariri	Morphology
kgz	Kirghiz	2	Strongly suffixing	42.0	75.0	Turkic	Altaic	Morphology
krb	Kiribati	4	Equal prefixing and suffixing	1.33333333333	173.0	Oceanic	Austronesian	Morphology
kir	Kirma	1	Little affixation	10.25	-4.83333333333	Gur	Niger-Congo	Morphology
kiw	Kiwai	3	Weakly suffixing	-8.0	143.5	Kiwaian	Kiwaian	Morphology
klm	Klamath	2	Strongly suffixing	42.5	-121.5	Klamath-Modoc	Penutian	Morphology
koa	Koasati	4	Equal prefixing and suffixing	34.8333333333	-85.1666666667	Muskogean	Muskogean	Morphology
kob	Kobon	2	Strongly suffixing	-5.16666666667	144.333333333	Madang	Trans-New Guinea	Morphology
koe	Koegu	4	Equal prefixing and suffixing	7.0	36.0833333333	Surmic	Nilo-Saharan	Morphology
kmo	Koiali (Mountain)	2	Strongly suffixing	-9.0	147.5	Koiarian	Trans-New Guinea	Morphology
kta	Koita	2	Strongly suffixing	-9.33333333333	147.083333333	Koiarian	Trans-New Guinea	Morphology
kok	Kokborok	2	Strongly suffixing	24.3333333333	92.5	Bodo-Garo	Sino-Tibetan	Morphology
kkt	Kokota	1	Little affixation	-8.0	159.133333333	Oceanic	Austronesian	Morphology
kol	Kolami	2	Strongly suffixing	20.0	78.5	Central Dravidian	Dravidian	Morphology
kmb	Kombai	2	Strongly suffixing	-5.58333333333	140.0	Awju-Dumut	Trans-New Guinea	Morphology
xbi	Kombio	1	Little affixation	-3.5	142.75	Kombio-Arapesh	Torricelli	Morphology
kop	Komi-Permyak	2	Strongly suffixing	59.5	54.5	Permic	Uralic	Morphology
kom	Komo	3	Weakly suffixing	8.75	33.75	Koman	Nilo-Saharan	Morphology
kon	Kongo	6	Strong prefixing	-5.0	15.0	Bantoid	Niger-Congo	Morphology
knw	Konkow	3	Weakly suffixing	39.5	-121.5	Maiduan	Penutian	Morphology
kni	Konni	2	Strongly suffixing	10.25	-1.58333333333	Gur	Niger-Congo	Morphology
krn	Korana	2	Strongly suffixing	-29.5	20.5	Central Khoisan	Khoisan	Morphology
kor	Korean	2	Strongly suffixing	37.5	128.0	Korean	Korean	Morphology
kku	Korku	2	Strongly suffixing	22.5	78.5	Munda	Austro-Asiatic	Morphology
kfe	Koromfe	3	Weakly suffixing	14.25	-0.916666666667	Gur	Niger-Congo	Morphology
krw	Korowai	2	Strongly suffixing	-5.25	140.0	Awju-Dumut	Trans-New Guinea	Morphology
kry	Koryak	3	Weakly suffixing	61.0	167.0	Northern Chukotko-Kamchatkan	Chukotko-Kamchatkan	Morphology
kos	Kosraean	1	Little affixation	5.3	163.0	Oceanic	Austronesian	Morphology
koy	Koya	2	Strongly suffixing	17.5	81.3333333333	South-Central Dravidian	Dravidian	Morphology
kch	Koyra Chiini	1	Little affixation	17.0	-3.0	Songhay	Nilo-Saharan	Morphology
kse	Koyraboro Senni	1	Little affixation	16.0	0.0	Songhay	Nilo-Saharan	Morphology
kre	Kresh	4	Equal prefixing and suffixing	8.5	24.5	Kresh	Nilo-Saharan	Morphology
kro	Krongo	5	Weakly prefixing	10.5	30.0	Kadugli	Kadugli	Morphology
knc	Kugu Nganhcara	2	Strongly suffixing	-14.4166666667	142.0	Pama-Nyungan	Australian	Morphology
kya	Kuku-Yalanji	2	Strongly suffixing	-16.0	145.0	Pama-Nyungan	Australian	Morphology
kmn	Kuman	2	Strongly suffixing	-5.91666666667	145.0	Chimbu	Trans-New Guinea	Morphology
knm	Kunama	3	Weakly suffixing	14.5	37.0	Kunama	Nilo-Saharan	Morphology
kmp	Kunimaipa	3	Weakly suffixing	-8.0	146.833333333	Goilalan	Trans-New Guinea	Morphology
kuo	Kuot	4	Equal prefixing and suffixing	-3.05	151.5	Kuot	Kuot	Morphology
krd	Kurdish (Central)	3	Weakly suffixing	36.0	44.0	Iranian	Indo-European	Morphology
kut	Kutenai	3	Weakly suffixing	49.5	-116.0	Kutenai	Kutenai	Morphology
thy	Kuuk Thaayorre	1	Little affixation	-14.5833333333	141.833333333	Pama-Nyungan	Australian	Morphology
kuv	Kuvi	2	Strongly suffixing	18.75	82.6666666667	South-Central Dravidian	Dravidian	Morphology
kwn	Kwangali	6	Strong prefixing	-18.0	19.5	Bantoid	Niger-Congo	Morphology
kwz	Kwazá	2	Strongly suffixing	-12.5833333333	-60.6666666667	Kwaza	Kwaza	Morphology
kwo	Kwoma	2	Strongly suffixing	-4.16666666667	142.75	Middle Sepik	Sepik	Morphology
kwt	Kwomtari	2	Strongly suffixing	-3.5	141.5	Kwomtari	Kwomtari-Baibai	Morphology
kyk	Kyaka	2	Strongly suffixing	-5.55	144.083333333	Engan	Trans-New Guinea	Morphology
laa	Laal	2	Strongly suffixing	10.0	17.6666666667	Laal	Laal	Morphology
lac	Lacandón	2	Strongly suffixing	17.0	-91.5	Mayan	Mayan	Morphology
lad	Ladakhi	2	Strongly suffixing	34.0	78.0	Bodic	Sino-Tibetan	Morphology
lag	Lagwan	4	Equal prefixing and suffixing	11.5	14.8333333333	Biu-Mandara	Afro-Asiatic	Morphology
lah	Lahu	1	Little affixation	20.0	98.1666666667	Burmese-Lolo	Sino-Tibetan	Morphology
lai	Lai	1	Little affixation	22.6666666667	93.6666666667	Kuki-Chin	Sino-Tibetan	Morphology
lkt	Lakhota	5	Weakly prefixing	43.8333333333	-101.833333333	Siouan	Siouan	Morphology
lal	Lalo	1	Little affixation	25.0	100.25	Burmese-Lolo	Sino-Tibetan	Morphology
lmh	Lamaholot	5	Weakly prefixing	-8.25	122.916666667	Central Malayo-Polynesian	Austronesian	Morphology
lmg	Lamang	2	Strongly suffixing	11.25	13.5833333333	Biu-Mandara	Afro-Asiatic	Morphology
lmn	Lamani	2	Strongly suffixing	17.0	77.0	Indic	Indo-European	Morphology
lmp	Lampung	1	Little affixation	-5.0	105.0	Lampungic	Austronesian	Morphology
lan	Lango	4	Equal prefixing and suffixing	2.16666666667	33.0	Nilotic	Nilo-Saharan	Morphology
lao	Lao	1	Little affixation	18.0	103.0	Kam-Tai	Tai-Kadai	Morphology
lar	Laragia	5	Weakly prefixing	-12.6666666667	130.833333333	Laragiyan	Australian	Morphology
lat	Latvian	3	Weakly suffixing	57.0	24.0	Baltic	Indo-European	Morphology
lav	Lavukaleve	3	Weakly suffixing	-9.08333333333	159.2	Lavukaleve	Solomons East Papuan	Morphology
lec	Leko	3	Weakly suffixing	-15.0	-67.9166666667	Leko	Leko	Morphology
lel	Lele	2	Strongly suffixing	9.08333333333	15.5833333333	East Chadic	Afro-Asiatic	Morphology
llm	Lelemi	6	Strong prefixing	7.33333333333	0.5	Kwa	Niger-Congo	Morphology
len	Lenakel	5	Weakly prefixing	-19.45	169.25	Oceanic	Austronesian	Morphology
ldu	Lendu	4	Equal prefixing and suffixing	2.0	30.5	Lendu	Nilo-Saharan	Morphology
lep	Lepcha	1	Little affixation	27.1666666667	88.5	Lepcha	Sino-Tibetan	Morphology
lew	Lewo	5	Weakly prefixing	-16.75	168.333333333	Oceanic	Austronesian	Morphology
lez	Lezgian	2	Strongly suffixing	41.6666666667	47.8333333333	Lezgic	Nakh-Daghestanian	Morphology
lho	Lhomi	2	Strongly suffixing	27.6666666667	87.4166666667	Bodic	Sino-Tibetan	Morphology
lim	Limbu	2	Strongly suffixing	27.1666666667	87.75	Mahakiranti	Sino-Tibetan	Morphology
lnd	Linda	1	Little affixation	6.5	20.75	Ubangi	Niger-Congo	Morphology
lit	Lithuanian	2	Strongly suffixing	55.0	24.0	Baltic	Indo-European	Morphology
lgu	Longgu	1	Little affixation	-9.75	160.666666667	Oceanic	Austronesian	Morphology
lon	Loniu	5	Weakly prefixing	-2.06666666667	147.333333333	Oceanic	Austronesian	Morphology
lot	Lotha	3	Weakly suffixing	26.5	94.25	Kuki-Chin	Sino-Tibetan	Morphology
lou	Lou	1	Little affixation	-2.38333333333	147.316666667	Oceanic	Austronesian	Morphology
lda	Luganda	6	Strong prefixing	0.5	32.1666666667	Bantoid	Niger-Congo	Morphology
lug	Lugbara	5	Weakly prefixing	3.08333333333	30.9166666667	Moru-Ma'di	Nilo-Saharan	Morphology
lui	Luiseño	2	Strongly suffixing	33.3333333333	-117.166666667	Takic	Uto-Aztecan	Morphology
lbu	Lunda	5	Weakly prefixing	-10.6666666667	24.0	Bantoid	Niger-Congo	Morphology
luo	Luo	4	Equal prefixing and suffixing	-0.5	34.75	Nilotic	Nilo-Saharan	Morphology
luv	Luvale	6	Strong prefixing	-12.0	22.0	Bantoid	Niger-Congo	Morphology
mad	Ma'di	1	Little affixation	3.25	31.5	Moru-Ma'di	Nilo-Saharan	Morphology
maa	Maasai	5	Weakly prefixing	-3.0	36.0	Nilotic	Nilo-Saharan	Morphology
mab	Maba	3	Weakly suffixing	13.75	20.8333333333	Maban	Nilo-Saharan	Morphology
mac	Macushi	2	Strongly suffixing	4.0	-60.0	Cariban	Cariban	Morphology
mdm	Madimadi	2	Strongly suffixing	-34.5	143.5	Pama-Nyungan	Australian	Morphology
mae	Mae	1	Little affixation	-16.0	167.25	Oceanic	Austronesian	Morphology
mne	Maidu (Northeast)	2	Strongly suffixing	40.0	-120.666666667	Maiduan	Penutian	Morphology
mpr	Maipure	4	Equal prefixing and suffixing	5.5	-67.5	Northern Arawakan	Arawakan	Morphology
msn	Maisin	5	Weakly prefixing	-9.5	149.166666667	Oceanic	Austronesian	Morphology
mai	Maithili	2	Strongly suffixing	26.0	86.0	Indic	Indo-European	Morphology
maj	Majang	2	Strongly suffixing	6.75	35.0	Surmic	Nilo-Saharan	Morphology
mak	Makah	1	Little affixation	48.3333333333	-124.666666667	Southern Wakashan	Wakashan	Morphology
mkj	Makasae	1	Little affixation	-8.66666666667	126.5	Makasae-Fataluku-Oirata	Timor-Alor-Pantar	Morphology
mal	Malagasy	1	Little affixation	-20.0	47.0	Barito	Austronesian	Morphology
mlg	Malgwa	2	Strongly suffixing	11.5	13.75	Biu-Mandara	Afro-Asiatic	Morphology
mam	Mam	5	Weakly prefixing	15.0	-91.8333333333	Mayan	Mayan	Morphology
mmn	Mamanwa	1	Little affixation	9.41666666667	125.5	Greater Central Philippine	Austronesian	Morphology
mmv	Mamvu	5	Weakly prefixing	3.25	29.0	Mangbutu-Efe	Nilo-Saharan	Morphology
mnm	Manam	3	Weakly suffixing	-4.0	145.0	Oceanic	Austronesian	Morphology
mnc	Manchu	2	Strongly suffixing	49.5	127.5	Tungusic	Altaic	Morphology
mdn	Mandan	3	Weakly suffixing	46.5	-102.5	Siouan	Siouan	Morphology
mnd	Mandarin	2	Strongly suffixing	34.0	110.0	Chinese	Sino-Tibetan	Morphology
myi	Mangarrayi	4	Equal prefixing and suffixing	-14.6666666667	133.5	Mangarrayi	Australian	Morphology
mbt	Mangbetu	4	Equal prefixing and suffixing	2.5	26.5	Mangbetu	Nilo-Saharan	Morphology
mng	Manggarai	1	Little affixation	-8.5	120.333333333	Central Malayo-Polynesian	Austronesian	Morphology
mgg	Mangghuer	2	Strongly suffixing	36.0	102.0	Mongolic	Altaic	Morphology
man	Mano	1	Little affixation	7.0	-9.0	Eastern Mande	Niger-Congo	Morphology
mwb	Manobo (Western Bukidnon)	6	Strong prefixing	7.66666666667	124.75	Greater Central Philippine	Austronesian	Morphology
mns	Mansi	2	Strongly suffixing	62.0	62.0	Ugric	Uralic	Morphology
mao	Maori	1	Little affixation	-40.0	176.0	Oceanic	Austronesian	Morphology
map	Mapudungun	2	Strongly suffixing	-38.0	-72.0	Araucanian	Araucanian	Morphology
mra	Mara	5	Weakly prefixing	-15.0	135.166666667	Maran	Australian	Morphology
mku	Maranungku	1	Little affixation	-13.6666666667	130.0	Western Daly	Australian	Morphology
mhi	Marathi	2	Strongly suffixing	19.0	76.0	Indic	Indo-European	Morphology
mny	Margany	2	Strongly suffixing	-27.0	144.5	Pama-Nyungan	Australian	Morphology
mrg	Margi	3	Weakly suffixing	11.0	13.0	Biu-Mandara	Afro-Asiatic	Morphology
mme	Mari (Meadow)	2	Strongly suffixing	57.0	48.0	Mari	Uralic	Morphology
mar	Maricopa	4	Equal prefixing and suffixing	33.1666666667	-113.166666667	Yuman	Hokan	Morphology
mrt	Martuthunira	2	Strongly suffixing	-20.8333333333	116.5	Pama-Nyungan	Australian	Morphology
mru	Maru	1	Little affixation	23.5	98.5	Burmese-Lolo	Sino-Tibetan	Morphology
msk	Masakin	4	Equal prefixing and suffixing	10.6666666667	30.0	Talodi Proper	Niger-Congo	Morphology
msl	Masalit	2	Strongly suffixing	13.3333333333	22.0	Maban	Nilo-Saharan	Morphology
mts	Matis	2	Strongly suffixing	-4.41666666667	-70.25	Panoan	Panoan	Morphology
mtb	Matuumbi	6	Strong prefixing	-8.5	39.0	Bantoid	Niger-Congo	Morphology
mka	Mauka	1	Little affixation	8.33333333333	-7.5	Western Mande	Niger-Congo	Morphology
mau	Maung	5	Weakly prefixing	-11.9166666667	133.5	Iwaidjan	Australian	Morphology
may	Maybrat	6	Strong prefixing	-1.33333333333	132.5	North-Central Bird's Head	West Papuan	Morphology
mzh	Mazatec (Huautla)	3	Weakly suffixing	18.25	-96.8333333333	Popolocan	Oto-Manguean	Morphology
mba	Mba	5	Weakly prefixing	1.0	25.0	Ubangi	Niger-Congo	Morphology
mbr	Mbara	2	Strongly suffixing	11.0	15.4166666667	Biu-Mandara	Afro-Asiatic	Morphology
mby	Mbay	2	Strongly suffixing	8.25	17.5	Bongo-Bagirmi	Nilo-Saharan	Morphology
mdo	Mbodomo	3	Weakly suffixing	4.5	15.5	Gbaya-Manza-Ngbaka	Niger-Congo	Morphology
mbm	Mbum	1	Little affixation	7.75	13.1666666667	Adamawa	Niger-Congo	Morphology
mee	Me'en	2	Strongly suffixing	5.0	37.0	Surmic	Nilo-Saharan	Morphology
meh	Mehri	4	Equal prefixing and suffixing	17.0	51.5	Semitic	Afro-Asiatic	Morphology
mei	Meithei	3	Weakly suffixing	24.75	94.0	Kuki-Chin	Sino-Tibetan	Morphology
mek	Mekens	1	Little affixation	-12.5	-61.5	Tupari	Tupian	Morphology
mde	Mende	2	Strongly suffixing	7.83333333333	-11.5	Western Mande	Niger-Congo	Morphology
men	Menomini	4	Equal prefixing and suffixing	45.5	-88.3333333333	Algonquian	Algic	Morphology
mer	Meryam Mir	4	Equal prefixing and suffixing	-9.91666666667	144.083333333	Western Fly	Western Fly	Morphology
mea	Meyah	5	Weakly prefixing	-1.16666666667	133.5	East Bird's Head	East Bird's Head	Morphology
mpt	Mian	2	Strongly suffixing	-4.75	141.5	Ok	Trans-New Guinea	Morphology
mie	Mien	1	Little affixation	25.0	111.0	Hmong-Mien	Hmong-Mien	Morphology
mki	Mikasuki	3	Weakly suffixing	32.0	-85.0	Muskogean	Muskogean	Morphology
mik	Mikir	2	Strongly suffixing	26.3333333333	93.5	Kuki-Chin	Sino-Tibetan	Morphology
min	Minangkabau	1	Little affixation	-1.0	101.0	Malayo-Sumbawan	Austronesian	Morphology
msg	Mising	2	Strongly suffixing	28.5	94.8333333333	Tani	Sino-Tibetan	Morphology
mis	Miskito	2	Strongly suffixing	14.0	-83.6666666667	Misumalpan	Misumalpan	Morphology
mss	Miwok (Southern Sierra)	2	Strongly suffixing	37.5	-120.0	Miwok	Penutian	Morphology
mxc	Mixtec (Chalcatongo)	6	Strong prefixing	17.05	-97.5833333333	Mixtecan	Oto-Manguean	Morphology
mxj	Mixtec (Jicaltepec)	4	Equal prefixing and suffixing	16.3333333333	-98.0	Mixtecan	Oto-Manguean	Morphology
mxo	Mixtec (Ocotepec)	1	Little affixation	17.1666666667	-97.75	Mixtecan	Oto-Manguean	Morphology
mxp	Mixtec (Peñoles)	5	Weakly prefixing	17.0833333333	-96.9166666667	Mixtecan	Oto-Manguean	Morphology
miy	Miya	2	Strongly suffixing	10.9166666667	9.66666666667	West Chadic	Afro-Asiatic	Morphology
miz	Mizo	1	Little affixation	23.1666666667	92.8333333333	Kuki-Chin	Sino-Tibetan	Morphology
mcc	Mochica	3	Weakly suffixing	-7.5	-79.3333333333	Chimúan	Chimúan	Morphology
mcv	Mocoví	4	Equal prefixing and suffixing	-28.0	-60.5	Guaicuruan	Guaicuruan	Morphology
mog	Moghol	2	Strongly suffixing	35.0	62.0	Mongolic	Altaic	Morphology
moh	Mohawk	5	Weakly prefixing	43.5	-74.25	Northern Iroquoian	Iroquoian	Morphology
mok	Mokilese	3	Weakly suffixing	6.66666666667	159.75	Oceanic	Austronesian	Morphology
fqs	Momu	3	Weakly suffixing	-3.0	141.583333333	Fas	Kwomtari-Baibai	Morphology
mon	Mon	1	Little affixation	14.8333333333	100.5	Monic	Austro-Asiatic	Morphology
mga	Mondunga	4	Equal prefixing and suffixing	2.25	21.5	Ubangi	Niger-Congo	Morphology
mkh	Mongol (Khamnigan)	2	Strongly suffixing	49.0	117.0	Mongolic	Altaic	Morphology
mno	Mono (in United States)	2	Strongly suffixing	38.0	-119.0	Numic	Uto-Aztecan	Morphology
moo	Mooré	2	Strongly suffixing	12.8333333333	-1.25	Gur	Niger-Congo	Morphology
moe	Mordvin (Erzya)	2	Strongly suffixing	53.0	45.5	Mordvin	Uralic	Morphology
mro	Moro	5	Weakly prefixing	11.0	30.1666666667	Heiban	Niger-Congo	Morphology
mou	Moru	3	Weakly suffixing	4.75	29.75	Moru-Ma'di	Nilo-Saharan	Morphology
mtu	Motu	2	Strongly suffixing	-9.33333333333	147.0	Oceanic	Austronesian	Morphology
mot	Motuna	2	Strongly suffixing	-6.61666666667	155.416666667	East Bougainville	East Bougainville	Morphology
aoj	Mufian	5	Weakly prefixing	-3.5	143.0	Kombio-Arapesh	Torricelli	Morphology
mui	Muinane	3	Weakly suffixing	-1.0	-72.5	Boran	Huitotoan	Morphology
msc	Muisca	3	Weakly suffixing	5.0	-74.0	Chibchan Proper	Chibchan	Morphology
mum	Mumuye	1	Little affixation	9.0	11.6666666667	Adamawa	Niger-Congo	Morphology
mna	Muna	4	Equal prefixing and suffixing	-5.0	122.5	Celebic	Austronesian	Morphology
mun	Mundari	2	Strongly suffixing	23.0	84.6666666667	Munda	Austro-Asiatic	Morphology
mgk	Mungaka	6	Strong prefixing	5.91666666667	10.0	Bantoid	Niger-Congo	Morphology
mup	Mupun	1	Little affixation	9.5	8.83333333333	West Chadic	Afro-Asiatic	Morphology
mrl	Murle	3	Weakly suffixing	6.5	33.5	Surmic	Nilo-Saharan	Morphology
mur	Mursi	3	Weakly suffixing	5.58333333333	36.0833333333	Surmic	Nilo-Saharan	Morphology
mrw	Muruwari	2	Strongly suffixing	-28.75	147.0	Pama-Nyungan	Australian	Morphology
mgu	Musgu	2	Strongly suffixing	10.8333333333	14.9166666667	Biu-Mandara	Afro-Asiatic	Morphology
mus	Mussau	1	Little affixation	-1.45	149.616666667	Oceanic	Austronesian	Morphology
mut	Mutsun	2	Strongly suffixing	36.8333333333	-121.5	Costanoan	Penutian	Morphology
nab	Nabak	2	Strongly suffixing	-6.41666666667	147.0	Finisterre-Huon	Trans-New Guinea	Morphology
ngt	Naga (Tangkhul)	2	Strongly suffixing	25.0	94.5	Kuki-Chin	Sino-Tibetan	Morphology
nze	Naga (Zeme)	1	Little affixation	25.1666666667	93.5	Kuki-Chin	Sino-Tibetan	Morphology
nag	Nagatman	2	Strongly suffixing	-3.75	141.5	Yale	Yale	Morphology
nhh	Nahuatl (Huasteca)	4	Equal prefixing and suffixing	22.0	-99.0	Aztecan	Uto-Aztecan	Morphology
nhm	Nahuatl (Michoacán)	5	Weakly prefixing	18.5	-103.0	Aztecan	Uto-Aztecan	Morphology
nht	Nahuatl (Tetelcingo)	4	Equal prefixing and suffixing	19.6666666667	-99.0	Aztecan	Uto-Aztecan	Morphology
bio	Nai	2	Strongly suffixing	-3.71666666667	141.266666667	Kwomtari	Kwomtari-Baibai	Morphology
nak	Nakanai	3	Weakly suffixing	-5.58333333333	150.583333333	Oceanic	Austronesian	Morphology
nmb	Nambikuára	2	Strongly suffixing	-13.0	-59.0	Nambikuaran	Nambikuaran	Morphology
nam	Namia	4	Equal prefixing and suffixing	-3.83333333333	141.75	Yellow River	Sepik	Morphology
nan	Nandi	4	Equal prefixing and suffixing	0.25	35.0	Nilotic	Nilo-Saharan	Morphology
nph	Nar-Phu	3	Weakly suffixing	28.6666666667	84.25	Bodic	Sino-Tibetan	Morphology
nar	Nara (in Ethiopia)	2	Strongly suffixing	15.0833333333	37.5833333333	Nara	Nilo-Saharan	Morphology
nas	Nasioi	2	Strongly suffixing	-6.33333333333	155.583333333	East Bougainville	East Bougainville	Morphology
nav	Navajo	6	Strong prefixing	36.1666666667	-108.0	Athapaskan	Na-Dene	Morphology
ndb	Ndebele (in South Africa)	6	Strong prefixing	-25.3333333333	29.0	Bantoid	Niger-Congo	Morphology
ndj	Ndjébbana	4	Equal prefixing and suffixing	-12.1666666667	134.116666667	Ndjébbana	Australian	Morphology
ndo	Ndonga	4	Equal prefixing and suffixing	-18.0	17.0	Bantoid	Niger-Congo	Morphology
ndt	Ndut	2	Strongly suffixing	14.9166666667	-16.9166666667	Northern Atlantic	Niger-Congo	Morphology
ndy	Ndyuka	1	Little affixation	4.5	-54.5	Creoles and Pidgins	other	Morphology
nen	Nenets	2	Strongly suffixing	69.0	72.0	Samoyedic	Uralic	Morphology
naj	Neo-Aramaic (Arbel Jewish)	2	Strongly suffixing	31.75	35.0	Semitic	Afro-Asiatic	Morphology
nep	Nepali	2	Strongly suffixing	28.0	85.0	Indic	Indo-European	Morphology
nev	Nevome	4	Equal prefixing and suffixing	31.0	-112.5	Tepiman	Uto-Aztecan	Morphology
nwd	Newar (Dolakha)	3	Weakly suffixing	27.3333333333	86.0	Mahakiranti	Sino-Tibetan	Morphology
new	Newari (Kathmandu)	2	Strongly suffixing	27.6666666667	85.5	Mahakiranti	Sino-Tibetan	Morphology
nez	Nez Perce	4	Equal prefixing and suffixing	46.0	-116.0	Sahaptian	Penutian	Morphology
ngd	Ngad'a	1	Little affixation	-8.83333333333	121.0	Central Malayo-Polynesian	Austronesian	Morphology
ngj	Ngadjumaja	2	Strongly suffixing	-32.3333333333	123.833333333	Pama-Nyungan	Australian	Morphology
ngl	Ngalakan	3	Weakly suffixing	-14.25	134.0	Ngalakan	Australian	Morphology
nkb	Ngalkbun	3	Weakly suffixing	-13.5	134.833333333	Gunwinygic	Australian	Morphology
ngm	Ngambay	3	Weakly suffixing	8.66666666667	16.0	Bongo-Bagirmi	Nilo-Saharan	Morphology
nga	Nganasan	2	Strongly suffixing	71.0	93.0	Samoyedic	Uralic	Morphology
ngn	Ngandi	4	Equal prefixing and suffixing	-13.8333333333	135.0	Ngandi	Australian	Morphology
ngw	Ngawun	2	Strongly suffixing	-19.0	141.5	Pama-Nyungan	Australian	Morphology
nti	Ngiti	4	Equal prefixing and suffixing	1.33333333333	30.25	Lendu	Nilo-Saharan	Morphology
ngi	Ngiyambaa	2	Strongly suffixing	-31.75	145.5	Pama-Nyungan	Australian	Morphology
ngz	Ngizim	2	Strongly suffixing	12.0833333333	10.9166666667	West Chadic	Afro-Asiatic	Morphology
ngo	Ngoni	6	Strong prefixing	-11.0	36.0	Bantoid	Niger-Congo	Morphology
nha	Nhanda	2	Strongly suffixing	-27.0	114.166666667	Pama-Nyungan	Australian	Morphology
nia	Nias	6	Strong prefixing	1.0	97.75	Northwest Sumatra-Barrier Islands	Austronesian	Morphology
nca	Nicobarese (Car)	2	Strongly suffixing	9.0	93.0	Nicobarese	Austro-Asiatic	Morphology
nsn	Nisenan	2	Strongly suffixing	39.0	-121.0	Maiduan	Penutian	Morphology
nsg	Nisgha	1	Little affixation	55.0	-130.0	Tsimshianic	Penutian	Morphology
nis	Nishi	2	Strongly suffixing	27.5	93.5	Tani	Sino-Tibetan	Morphology
niu	Niuean	1	Little affixation	-19.05	-170.116666667	Oceanic	Austronesian	Morphology
niv	Nivkh	3	Weakly suffixing	53.3333333333	142.0	Nivkh	Nivkh	Morphology
nkn	Nkonya	6	Strong prefixing	7.16666666667	0.25	Kwa	Niger-Congo	Morphology
nko	Nkore-Kiga	6	Strong prefixing	-0.916666666667	29.8333333333	Bantoid	Niger-Congo	Morphology
noc	Nocte	2	Strongly suffixing	27.0	95.5	Northern Naga	Sino-Tibetan	Morphology
nog	Noghay	2	Strongly suffixing	44.0	46.0	Turkic	Altaic	Morphology
non	Noni	4	Equal prefixing and suffixing	6.41666666667	10.5833333333	Bantoid	Niger-Congo	Morphology
noo	Noon	2	Strongly suffixing	14.8333333333	-16.8333333333	Northern Atlantic	Niger-Congo	Morphology
nor	Norwegian	2	Strongly suffixing	61.0	8.0	Germanic	Indo-European	Morphology
nua	Nuaulu	5	Weakly prefixing	-3.25	129.166666667	Central Malayo-Polynesian	Austronesian	Morphology
nbd	Nubian (Dongolese)	2	Strongly suffixing	18.25	30.75	Nubian	Nilo-Saharan	Morphology
nue	Nuer	2	Strongly suffixing	8.33333333333	32.0	Nilotic	Nilo-Saharan	Morphology
nun	Nung (in Vietnam)	1	Little affixation	21.9166666667	106.416666667	Kam-Tai	Tai-Kadai	Morphology
nug	Nunggubuyu	4	Equal prefixing and suffixing	-13.75	135.666666667	Nunggubuyu	Australian	Morphology
nup	Nupe	1	Little affixation	9.16666666667	5.41666666667	Nupoid	Niger-Congo	Morphology
nym	Nyamwezi	6	Strong prefixing	-5.0	33.0	Bantoid	Niger-Congo	Morphology
nyi	Nyimang	2	Strongly suffixing	12.1666666667	29.3333333333	Nyimang	Nilo-Saharan	Morphology
nyu	Nyulnyul	5	Weakly prefixing	-17.0	122.833333333	Nyulnyulan	Australian	Morphology
nza	Nzakara	5	Weakly prefixing	5.0	23.0	Ubangi	Niger-Congo	Morphology
ood	O'odham	4	Equal prefixing and suffixing	32.0	-112.0	Tepiman	Uto-Aztecan	Morphology
obo	Obolo	6	Strong prefixing	4.58333333333	7.83333333333	Cross River	Niger-Congo	Morphology
ocu	Ocuilteco	6	Strong prefixing	18.9166666667	-99.6666666667	Otomian	Oto-Manguean	Morphology
obg	Ogbronuagum	6	Strong prefixing	4.75	6.86666666667	Cross River	Niger-Congo	Morphology
olo	Olo	3	Weakly suffixing	-3.41666666667	142.0	Wapei-Palei	Torricelli	Morphology
ond	Oneida	5	Weakly prefixing	43.0	-75.6666666667	Northern Iroquoian	Iroquoian	Morphology
ong	Onge	3	Weakly suffixing	10.75	92.4166666667	South Andamanese	South Andamanese	Morphology
oya	Oriya	2	Strongly suffixing	21.0	85.0	Indic	Indo-European	Morphology
ork	Orok	2	Strongly suffixing	49.5	143.5	Tungusic	Altaic	Morphology
orh	Oromo (Harar)	2	Strongly suffixing	9.0	42.0	Eastern Cushitic	Afro-Asiatic	Morphology
osa	Osage	1	Little affixation	37.0	-94.0	Siouan	Siouan	Morphology
oss	Ossetic	2	Strongly suffixing	43.0	44.0	Iranian	Indo-European	Morphology
otm	Otomí (Mezquital)	5	Weakly prefixing	20.1666666667	-99.1666666667	Otomian	Oto-Manguean	Morphology
otr	Otoro	5	Weakly prefixing	11.1666666667	30.5	Heiban	Niger-Congo	Morphology
paa	Pa'a	2	Strongly suffixing	11.0	9.25	West Chadic	Afro-Asiatic	Morphology
pkn	Paakantyi	2	Strongly suffixing	-32.5	142.5	Pama-Nyungan	Australian	Morphology
pms	Paamese	5	Weakly prefixing	-16.5	168.25	Oceanic	Austronesian	Morphology
pno	Paiute (Northern)	2	Strongly suffixing	42.0	-118.0	Numic	Uto-Aztecan	Morphology
pai	Paiwan	4	Equal prefixing and suffixing	22.5	120.833333333	Paiwanic	Austronesian	Morphology
pal	Palauan	5	Weakly prefixing	7.5	134.583333333	Palauan	Austronesian	Morphology
plk	Palikur	2	Strongly suffixing	3.0	-51.0	Eastern Arawakan	Arawakan	Morphology
pam	Pame	5	Weakly prefixing	22.0	-99.5	Pamean	Oto-Manguean	Morphology
pan	Panjabi	2	Strongly suffixing	31.0	74.0	Indic	Indo-European	Morphology
pre	Pare	6	Strong prefixing	-4.0	36.5	Bantoid	Niger-Congo	Morphology
psh	Pashto	2	Strongly suffixing	33.0	67.0	Iranian	Indo-European	Morphology
ptw	Patwin	2	Strongly suffixing	39.0	-122.333333333	Wintuan	Penutian	Morphology
plh	Paulohi	4	Equal prefixing and suffixing	-3.25	128.75	Central Malayo-Polynesian	Austronesian	Morphology
pau	Paumarí	4	Equal prefixing and suffixing	-6.0	-64.0	Arauan	Arauan	Morphology
paw	Pawaian	2	Strongly suffixing	-7.0	145.083333333	Pawaian	Teberan-Pawaian	Morphology
pwn	Pawnee	4	Equal prefixing and suffixing	41.0	-98.6666666667	Caddoan	Caddoan	Morphology
per	Pero	4	Equal prefixing and suffixing	9.58333333333	11.0	West Chadic	Afro-Asiatic	Morphology
prs	Persian	3	Weakly suffixing	32.0	54.0	Iranian	Indo-European	Morphology
pia	Piaroa	3	Weakly suffixing	5.0	-67.0	Piaroa	Sáliban	Morphology
pga	Pilagá	5	Weakly prefixing	-25.0	-60.0	Guaicuruan	Guaicuruan	Morphology
pba	Pima Bajo	3	Weakly suffixing	29.0	-111.0	Tepiman	Uto-Aztecan	Morphology
pip	Pipil	4	Equal prefixing and suffixing	13.8333333333	-89.5833333333	Aztecan	Uto-Aztecan	Morphology
prh	Pirahã	2	Strongly suffixing	-7.0	-62.0	Mura	Mura	Morphology
pir	Piro	3	Weakly suffixing	-11.0	-73.5	Purus	Arawakan	Morphology
ppi	Pitta Pitta	2	Strongly suffixing	-22.8333333333	140.0	Pama-Nyungan	Australian	Morphology
poh	Pohnpeian	3	Weakly suffixing	6.88333333333	158.25	Oceanic	Austronesian	Morphology
pok	Poko-Rawo	1	Little affixation	-2.83333333333	141.583333333	Serra Hills	Skou	Morphology
pkt	Pokot	3	Weakly suffixing	1.5	35.5	Nilotic	Nilo-Saharan	Morphology
pol	Polish	2	Strongly suffixing	52.0	20.0	Slavic	Indo-European	Morphology
pme	Pomo (Eastern)	2	Strongly suffixing	39.0	-122.666666667	Pomoan	Hokan	Morphology
pso	Pomo (Southeastern)	2	Strongly suffixing	39.0	-122.5	Pomoan	Hokan	Morphology
por	Portuguese	2	Strongly suffixing	39.0	-8.0	Romance	Indo-European	Morphology
pul	Puluwat	1	Little affixation	7.33333333333	149.333333333	Oceanic	Austronesian	Morphology
pum	Pumi	2	Strongly suffixing	28.0	101.0	Qiangic	Sino-Tibetan	Morphology
pnu	Punu	1	Little affixation	24.0	107.0	Hmong-Mien	Hmong-Mien	Morphology
prk	Purki	2	Strongly suffixing	34.6666666667	76.0	Bodic	Sino-Tibetan	Morphology
pur	Purépecha	2	Strongly suffixing	19.5	-101.666666667	Tarascan	Tarascan	Morphology
pae	Páez	2	Strongly suffixing	2.66666666667	-76.0	Páezan	Páezan	Morphology
par	Päri	3	Weakly suffixing	5.0	32.5	Nilotic	Nilo-Saharan	Morphology
qaw	Qawasqar	2	Strongly suffixing	-49.0	-75.0	Alacalufan	Alacalufan	Morphology
qia	Qiang	3	Weakly suffixing	32.0	102.666666667	Qiangic	Sino-Tibetan	Morphology
qhu	Quechua (Huallaga)	2	Strongly suffixing	-9.5	-75.5	Quechuan	Quechuan	Morphology
qim	Quechua (Imbabura)	2	Strongly suffixing	0.333333333333	-78.0	Quechuan	Quechuan	Morphology
qui	Quileute	3	Weakly suffixing	47.9166666667	-124.25	Chimakuan	Chimakuan	Morphology
ram	Rama	4	Equal prefixing and suffixing	11.75	-83.75	Rama	Chibchan	Morphology
rap	Rapanui	1	Little affixation	-27.1166666667	-109.366666667	Oceanic	Austronesian	Morphology
ras	Rashad	5	Weakly prefixing	11.8333333333	31.05	Rashad	Niger-Congo	Morphology
raw	Rawang	1	Little affixation	27.5	97.5	Nungish	Sino-Tibetan	Morphology
rem	Remo	2	Strongly suffixing	18.0	82.0	Munda	Austro-Asiatic	Morphology
res	Resígaro	4	Equal prefixing and suffixing	-2.41666666667	-71.5	Northern Arawakan	Arawakan	Morphology
rit	Ritharngu	2	Strongly suffixing	-12.8333333333	135.5	Pama-Nyungan	Australian	Morphology
rwe	Romani (Welsh)	2	Strongly suffixing	52.0	-4.0	Indic	Indo-European	Morphology
rom	Romanian	2	Strongly suffixing	46.0	25.0	Romance	Indo-European	Morphology
rot	Rotuman	1	Little affixation	-12.5	177.066666667	Oceanic	Austronesian	Morphology
ruk	Rukai (Tanan)	4	Equal prefixing and suffixing	22.8333333333	120.833333333	Rukai	Austronesian	Morphology
rum	Rumu	2	Strongly suffixing	-7.16666666667	144.25	Turama-Kikorian	Turama-Kikorian	Morphology
run	Runga	4	Equal prefixing and suffixing	10.3333333333	21.0	Maban	Nilo-Saharan	Morphology
rny	Runyankore	6	Strong prefixing	-0.5	30.5	Bantoid	Niger-Congo	Morphology
rus	Russian	2	Strongly suffixing	56.0	38.0	Slavic	Indo-European	Morphology
rut	Rutul	3	Weakly suffixing	41.5	47.4166666667	Lezgic	Nakh-Daghestanian	Morphology
saa	Sa'a	1	Little affixation	-9.61666666667	161.45	Oceanic	Austronesian	Morphology
sno	Saami (Northern)	2	Strongly suffixing	69.0	24.0	Saami	Uralic	Morphology
shp	Sahaptin (Northern)	3	Weakly suffixing	46.5	-120.0	Sahaptian	Penutian	Morphology
sah	Sahu	6	Strong prefixing	1.16666666667	127.5	North Halmaheran	West Papuan	Morphology
sak	Sakao	5	Weakly prefixing	-15.1666666667	167.083333333	Oceanic	Austronesian	Morphology
slb	Saliba (in Papua New Guinea)	3	Weakly suffixing	-10.5833333333	150.716666667	Oceanic	Austronesian	Morphology
sal	Salinan	4	Equal prefixing and suffixing	36.0	-121.0	Salinan	Salinan	Morphology
syu	Salt-Yui	2	Strongly suffixing	-6.28333333333	145.033333333	Chimbu	Trans-New Guinea	Morphology
sam	Samoan	1	Little affixation	-13.9166666667	-171.833333333	Oceanic	Austronesian	Morphology
sdw	Sandawe	2	Strongly suffixing	-5.0	35.0	Sandawe	Khoisan	Morphology
san	Sango	6	Strong prefixing	5.0	18.0	Ubangi	Niger-Congo	Morphology
sta	Santa	2	Strongly suffixing	31.5	107.5	Mongolic	Altaic	Morphology
stl	Santali	2	Strongly suffixing	24.5	87.0	Munda	Austro-Asiatic	Morphology
snm	Sanuma	1	Little affixation	4.5	-64.6666666667	Yanomam	Yanomam	Morphology
src	Sarcee	5	Weakly prefixing	52.5	-116.0	Athapaskan	Na-Dene	Morphology
srd	Sardinian	2	Strongly suffixing	40.0	9.0	Romance	Indo-European	Morphology
sav	Savi	2	Strongly suffixing	35.0	71.5	Indic	Indo-European	Morphology
svs	Savosavo	2	Strongly suffixing	-9.13333333333	159.8	Savosavo	Solomons East Papuan	Morphology
sed	Sedang	1	Little affixation	14.8333333333	108.0	Bahnaric	Austro-Asiatic	Morphology
slp	Selepet	2	Strongly suffixing	-6.16666666667	147.166666667	Finisterre-Huon	Trans-New Guinea	Morphology
skp	Selkup	2	Strongly suffixing	65.0	82.0	Samoyedic	Uralic	Morphology
sem	Sema	3	Weakly suffixing	26.0	94.5	Kuki-Chin	Sino-Tibetan	Morphology
smn	Seminole	3	Weakly suffixing	33.0	-84.0	Muskogean	Muskogean	Morphology
snt	Sentani	2	Strongly suffixing	-2.58333333333	140.583333333	Sentani	Sentani	Morphology
scr	Serbian-Croatian	2	Strongly suffixing	44.0	19.0	Slavic	Indo-European	Morphology
ser	Seri	6	Strong prefixing	29.0	-112.0	Seri	Hokan	Morphology
shm	Shambala	6	Strong prefixing	-4.25	38.25	Bantoid	Niger-Congo	Morphology
sht	Shatt	3	Weakly suffixing	10.8333333333	30.0	Daju	Nilo-Saharan	Morphology
shl	Shilluk	4	Equal prefixing and suffixing	9.66666666667	31.75	Nilotic	Nilo-Saharan	Morphology
sna	Shina	2	Strongly suffixing	36.0	74.0	Indic	Indo-European	Morphology
shk	Shipibo-Konibo	2	Strongly suffixing	-7.5	-75.0	Panoan	Panoan	Morphology
shi	Shiriana	2	Strongly suffixing	3.5	-62.8333333333	Yanomam	Yanomam	Morphology
shn	Shona	6	Strong prefixing	-18.0	31.0	Bantoid	Niger-Congo	Morphology
sho	Shoshone	2	Strongly suffixing	41.0	-114.0	Numic	Uto-Aztecan	Morphology
shu	Shuswap	4	Equal prefixing and suffixing	52.0	-120.0	Interior Salish	Salishan	Morphology
sia	Siane	2	Strongly suffixing	-6.08333333333	145.2	Eastern Highlands	Trans-New Guinea	Morphology
sid	Sidaama	2	Strongly suffixing	6.66666666667	38.5	Eastern Cushitic	Afro-Asiatic	Morphology
skk	Sikkimese	1	Little affixation	27.8333333333	88.5	Bodic	Sino-Tibetan	Morphology
sng	Sinaugoro	5	Weakly prefixing	-9.83333333333	147.833333333	Oceanic	Austronesian	Morphology
sio	Sio	4	Equal prefixing and suffixing	-5.95	147.333333333	Oceanic	Austronesian	Morphology
sin	Siona	2	Strongly suffixing	0.333333333333	-76.25	Tucanoan	Tucanoan	Morphology
qum	Sipakapense	6	Strong prefixing	15.25	-91.75	Mayan	Mayan	Morphology
srn	Sirionó	5	Weakly prefixing	-15.5833333333	-64.0	Tupi-Guaraní	Tupian	Morphology
sro	Siroi	2	Strongly suffixing	-5.5	146.0	Madang	Trans-New Guinea	Morphology
sis	Sisiqa	1	Little affixation	-7.0	156.833333333	Oceanic	Austronesian	Morphology
siu	Siuslaw	2	Strongly suffixing	44.0	-124.0	Siuslawan	Oregon Coast	Morphology
sla	Slave	6	Strong prefixing	67.0	-125.0	Athapaskan	Na-Dene	Morphology
slo	Slovene	2	Strongly suffixing	46.0	15.0	Slavic	Indo-European	Morphology
so	So	3	Weakly suffixing	2.58333333333	34.75	Kuliak	Nilo-Saharan	Morphology
sob	Sobei	4	Equal prefixing and suffixing	-1.91666666667	138.75	Oceanic	Austronesian	Morphology
som	Somali	2	Strongly suffixing	3.0	45.0	Eastern Cushitic	Afro-Asiatic	Morphology
son	Sonsorol-Tobi	1	Little affixation	5.33333333333	132.25	Oceanic	Austronesian	Morphology
spa	Spanish	2	Strongly suffixing	40.0	-4.0	Romance	Indo-European	Morphology
squ	Squamish	2	Strongly suffixing	49.6666666667	-123.166666667	Central Salish	Salishan	Morphology
sti	Stieng	1	Little affixation	11.8333333333	106.75	Bahnaric	Austro-Asiatic	Morphology
sue	Suena	2	Strongly suffixing	-7.75	147.55	Binanderean	Trans-New Guinea	Morphology
suk	Suki	2	Strongly suffixing	-8.0	141.75	Suki	Gogodala-Suki	Morphology
sul	Sulka	6	Strong prefixing	-5.08333333333	151.916666667	Sulka	Sulka	Morphology
sun	Sundanese	1	Little affixation	-7.0	107.0	Malayo-Sumbawan	Austronesian	Morphology
sup	Supyire	3	Weakly suffixing	11.5	-5.58333333333	Gur	Niger-Congo	Morphology
swa	Swahili	5	Weakly prefixing	-6.5	39.0	Bantoid	Niger-Congo	Morphology
swe	Swedish	2	Strongly suffixing	60.0	15.0	Germanic	Indo-European	Morphology
tab	Taba	1	Little affixation	0.0	127.5	South Halmahera - West New Guinea	Austronesian	Morphology
tac	Tacana	2	Strongly suffixing	-13.5	-68.0	Tacanan	Tacanan	Morphology
tag	Tagalog	1	Little affixation	15.0	121.0	Greater Central Philippine	Austronesian	Morphology
tah	Tahitian	1	Little affixation	-17.6666666667	-149.583333333	Oceanic	Austronesian	Morphology
trr	Tairora	2	Strongly suffixing	-6.5	146.0	Eastern Highlands	Trans-New Guinea	Morphology
taj	Tajik	3	Weakly suffixing	38.6666666667	70.0	Iranian	Indo-European	Morphology
tkl	Takelma	3	Weakly suffixing	42.5	-123.0	Takelma	Takelma	Morphology
tak	Takia	4	Equal prefixing and suffixing	-4.66666666667	146.0	Oceanic	Austronesian	Morphology
tma	Tama	3	Weakly suffixing	14.5	22.0	Taman	Nilo-Saharan	Morphology
tam	Tamang (Eastern)	2	Strongly suffixing	27.5	85.6666666667	Bodic	Sino-Tibetan	Morphology
tsk	Tamashek	4	Equal prefixing and suffixing	20.0	-2.0	Berber	Afro-Asiatic	Morphology
tml	Tamil	2	Strongly suffixing	11.0	78.5	Southern Dravidian	Dravidian	Morphology
tnc	Tanacross	6	Strong prefixing	63.5	-143.5	Athapaskan	Na-Dene	Morphology
tpt	Tapieté	4	Equal prefixing and suffixing	-19.75	-61.6666666667	Tupi-Guaraní	Tupian	Morphology
twe	Tarahumara (Western)	2	Strongly suffixing	27.5	-108.0	Tarahumaran	Uto-Aztecan	Morphology
tao	Tarao	3	Weakly suffixing	24.25	94.1666666667	Kuki-Chin	Sino-Tibetan	Morphology
tar	Tariana	4	Equal prefixing and suffixing	1.0	-69.1666666667	Northern Arawakan	Arawakan	Morphology
tas	Tashlhiyt	5	Weakly prefixing	31.0	-5.0	Berber	Afro-Asiatic	Morphology
tvo	Tatar	2	Strongly suffixing	56.0	49.5	Turkic	Altaic	Morphology
tau	Tauya	3	Weakly suffixing	-5.75	145.333333333	Madang	Trans-New Guinea	Morphology
taw	Tawala	5	Weakly prefixing	-10.3333333333	150.666666667	Oceanic	Austronesian	Morphology
tbo	Tboli	5	Weakly prefixing	6.16666666667	124.5	Bilic	Austronesian	Morphology
tel	Telugu	2	Strongly suffixing	16.0	79.0	South-Central Dravidian	Dravidian	Morphology
tmn	Temein	5	Weakly prefixing	11.9166666667	29.4166666667	Temein	Nilo-Saharan	Morphology
tmr	Temiar	6	Strong prefixing	5.0	101.5	Aslian	Austro-Asiatic	Morphology
tne	Temne	4	Equal prefixing and suffixing	8.66666666667	-13.0833333333	Southern Atlantic	Niger-Congo	Morphology
ten	Tennet	3	Weakly suffixing	4.41666666667	32.5	Surmic	Nilo-Saharan	Morphology
tny	Tenyer	2	Strongly suffixing	10.6666666667	-4.5	Gur	Niger-Congo	Morphology
teo	Teop	1	Little affixation	-5.66666666667	155.0	Oceanic	Austronesian	Morphology
tee	Tepehua (Huehuetla)	5	Weakly prefixing	20.5	-98.0	Totonacan	Totonacan	Morphology
tep	Tepehua (Tlachichilco)	4	Equal prefixing and suffixing	20.5833333333	-98.25	Totonacan	Totonacan	Morphology
tpn	Tepehuan (Northern)	4	Equal prefixing and suffixing	26.3333333333	-107.0	Tepiman	Uto-Aztecan	Morphology
ter	Tera	2	Strongly suffixing	11.0	11.8333333333	Biu-Mandara	Afro-Asiatic	Morphology
trb	Teribe	2	Strongly suffixing	9.33333333333	-82.6666666667	Talamanca	Chibchan	Morphology
tes	Teso	6	Strong prefixing	1.83333333333	33.8333333333	Nilotic	Nilo-Saharan	Morphology
ttn	Tetun	1	Little affixation	-9.0	126.0	Central Malayo-Polynesian	Austronesian	Morphology
tha	Thai	1	Little affixation	16.0	101.0	Kam-Tai	Tai-Kadai	Morphology
thn	Thangmi	2	Strongly suffixing	27.75	86.0	Mahakiranti	Sino-Tibetan	Morphology
tmo	Tibetan (Modern Literary)	2	Strongly suffixing	29.8333333333	91.5	Bodic	Sino-Tibetan	Morphology
tic	Ticuna	4	Equal prefixing and suffixing	-4.0	-70.5	Ticuna	Ticuna	Morphology
tid	Tidore	6	Strong prefixing	0.75	127.5	North Halmaheran	West Papuan	Morphology
tgk	Tigak	1	Little affixation	-2.71666666667	150.8	Oceanic	Austronesian	Morphology
tgr	Tigré	3	Weakly suffixing	16.5	38.5	Semitic	Afro-Asiatic	Morphology
tja	Tiipay (Jamul)	5	Weakly prefixing	32.1666666667	-116.5	Yuman	Hokan	Morphology
tim	Timugon	1	Little affixation	5.0	116.0	North Borneo	Austronesian	Morphology
tin	Tinrin	1	Little affixation	-21.6666666667	165.75	Oceanic	Austronesian	Morphology
tir	Tiriyo	4	Equal prefixing and suffixing	3.25	-55.75	Cariban	Cariban	Morphology
trm	Tirmaga	2	Strongly suffixing	5.75	35.25	Surmic	Nilo-Saharan	Morphology
twn	Tiwa (Northern)	4	Equal prefixing and suffixing	36.5	-105.5	Kiowa-Tanoan	Kiowa-Tanoan	Morphology
tiw	Tiwi	6	Strong prefixing	-11.5	131.0	Tiwian	Australian	Morphology
tlp	Tlapanec	4	Equal prefixing and suffixing	17.0833333333	-99.0	Subtiaba-Tlapanec	Oto-Manguean	Morphology
tli	Tlingit	4	Equal prefixing and suffixing	59.0	-135.0	Tlingit	Na-Dene	Morphology
tob	Toba	4	Equal prefixing and suffixing	-26.5	-59.0	Guaicuruan	Guaicuruan	Morphology
tlo	Tobelo	4	Equal prefixing and suffixing	1.5	128.5	North Halmaheran	West Papuan	Morphology
tla	Tolai	1	Little affixation	-4.25	152.083333333	Oceanic	Austronesian	Morphology
tno	Tondano	5	Weakly prefixing	1.25	125.0	Minahasan	Austronesian	Morphology
toz	Tonga (in Zambia)	6	Strong prefixing	-17.0	27.0	Bantoid	Niger-Congo	Morphology
tng	Tongan	1	Little affixation	-21.1666666667	-175.166666667	Oceanic	Austronesian	Morphology
ton	Tonkawa	3	Weakly suffixing	30.25	-96.75	Tonkawa	Tonkawa	Morphology
tot	Totonac (Misantla)	4	Equal prefixing and suffixing	19.9166666667	-96.9166666667	Totonacan	Totonacan	Morphology
txj	Totonac (Xicotepec de Juárez)	4	Equal prefixing and suffixing	20.4166666667	-97.8333333333	Totonacan	Totonacan	Morphology
tou	Toussian	5	Weakly prefixing	11.0	-4.66666666667	Gur	Niger-Congo	Morphology
tri	Trique (Copala)	4	Equal prefixing and suffixing	17.1666666667	-97.9166666667	Mixtecan	Oto-Manguean	Morphology
tru	Trumai	2	Strongly suffixing	-11.9166666667	-53.5833333333	Trumai	Trumai	Morphology
tsz	Tsez	3	Weakly suffixing	42.25	45.75	Avar-Andic-Tsezic	Nakh-Daghestanian	Morphology
tgl	Tshangla	2	Strongly suffixing	27.8333333333	92.1666666667	Bodic	Sino-Tibetan	Morphology
tsi	Tsimshian (Coast)	3	Weakly suffixing	52.5	-129.0	Tsimshianic	Penutian	Morphology
ttu	Tsova-Tush	2	Strongly suffixing	42.5	45.5	Nakh	Nakh-Daghestanian	Morphology
tgh	Tuareg (Ghat)	5	Weakly prefixing	25.0	10.1666666667	Berber	Afro-Asiatic	Morphology
tbu	Tubu	2	Strongly suffixing	16.0	15.0	Western Saharan	Nilo-Saharan	Morphology
tuc	Tucano	2	Strongly suffixing	0.5	-69.1666666667	Tucanoan	Tucanoan	Morphology
tuk	Tukang Besi	5	Weakly prefixing	-5.5	123.5	Celebic	Austronesian	Morphology
tnn	Tunen	3	Weakly suffixing	4.75	10.6666666667	Bantoid	Niger-Congo	Morphology
tun	Tunica	2	Strongly suffixing	32.6666666667	-91.0	Tunica	Tunica	Morphology
tna	Turkana	6	Strong prefixing	3.0	35.5	Nilotic	Nilo-Saharan	Morphology
tur	Turkish	2	Strongly suffixing	39.0	35.0	Turkic	Altaic	Morphology
tus	Tuscarora	5	Weakly prefixing	36.0	-77.5	Northern Iroquoian	Iroquoian	Morphology
tte	Tutelo	4	Equal prefixing and suffixing	37.6666666667	-78.75	Siouan	Siouan	Morphology
tuv	Tuvan	2	Strongly suffixing	52.0	95.0	Turkic	Altaic	Morphology
tzo	Tzotzil	4	Equal prefixing and suffixing	16.5	-92.6666666667	Mayan	Mayan	Morphology
tzu	Tzutujil	6	Strong prefixing	14.6666666667	-91.3333333333	Mayan	Mayan	Morphology
tsh	Tümpisa Shoshone	2	Strongly suffixing	37.0	-117.0	Numic	Uto-Aztecan	Morphology
uby	Ubykh	4	Equal prefixing and suffixing	43.6666666667	39.6666666667	Northwest Caucasian	Northwest Caucasian	Morphology
udi	Udi	2	Strongly suffixing	41.0	48.0	Lezgic	Nakh-Daghestanian	Morphology
udm	Udmurt	2	Strongly suffixing	57.5	52.5	Permic	Uralic	Morphology
ukr	Ukrainian	2	Strongly suffixing	49.0	33.0	Slavic	Indo-European	Morphology
uld	Uldeme	6	Strong prefixing	10.95	14.1166666667	Biu-Mandara	Afro-Asiatic	Morphology
uli	Ulithian	1	Little affixation	9.91666666667	139.583333333	Oceanic	Austronesian	Morphology
una	Una	2	Strongly suffixing	-4.66666666667	140.0	Mek	Trans-New Guinea	Morphology
ung	Ungarinjin	1	Little affixation	-16.3333333333	126.0	Wororan	Australian	Morphology
uhi	Uradhi	2	Strongly suffixing	-11.9166666667	142.416666667	Pama-Nyungan	Australian	Morphology
url	Urak Lawoi'	1	Little affixation	8.0	98.3333333333	Malayo-Sumbawan	Austronesian	Morphology
urn	Urarina	2	Strongly suffixing	-4.5	-75.5	Urarina	Urarina	Morphology
urt	Urat	1	Little affixation	-3.66666666667	142.833333333	Wapei-Palei	Torricelli	Morphology
urd	Urdu	2	Strongly suffixing	25.0	67.0	Indic	Indo-European	Morphology
urk	Urubú-Kaapor	5	Weakly prefixing	-2.33333333333	-46.5	Tupi-Guaraní	Tupian	Morphology
usr	Usarufa	3	Weakly suffixing	-6.41666666667	145.583333333	Eastern Highlands	Trans-New Guinea	Morphology
ute	Ute	2	Strongly suffixing	39.0	-109.0	Numic	Uto-Aztecan	Morphology
uyg	Uyghur	2	Strongly suffixing	40.0	80.0	Turkic	Altaic	Morphology
uzb	Uzbek	2	Strongly suffixing	39.0	66.0	Turkic	Altaic	Morphology
vai	Vai	1	Little affixation	6.91666666667	-11.25	Western Mande	Niger-Congo	Morphology
vie	Vietnamese	1	Little affixation	10.5	106.5	Viet-Muong	Austro-Asiatic	Morphology
wag	Wagiman	4	Equal prefixing and suffixing	-14.0	131.25	Wagiman	Australian	Morphology
wah	Wahgi	2	Strongly suffixing	-5.83333333333	144.716666667	Chimbu	Trans-New Guinea	Morphology
wak	Wakhi	2	Strongly suffixing	36.5	72.0	Iranian	Indo-European	Morphology
wal	Walman	5	Weakly prefixing	-3.21666666667	142.5	Wapei-Palei	Torricelli	Morphology
wam	Wambaya	2	Strongly suffixing	-18.6666666667	135.75	West Barkly	Australian	Morphology
wbn	Wambon	2	Strongly suffixing	-5.5	140.416666667	Awju-Dumut	Trans-New Guinea	Morphology
wao	Waorani	2	Strongly suffixing	-1.0	-76.5	Waorani	Waorani	Morphology
wap	Wappo	2	Strongly suffixing	38.5	-122.5	Wappo	Wappo-Yukian	Morphology
wra	Warao	3	Weakly suffixing	9.33333333333	-61.6666666667	Warao	Warao	Morphology
wrd	Wardaman	4	Equal prefixing and suffixing	-15.5	131.0	Yangmanic	Australian	Morphology
wrk	Warekena	3	Weakly suffixing	1.5	-67.5	Northern Arawakan	Arawakan	Morphology
war	Wari'	1	Little affixation	-11.3333333333	-65.0	Chapacura-Wanham	Chapacura-Wanham	Morphology
wrl	Warlpiri	2	Strongly suffixing	-20.0	132.333333333	Pama-Nyungan	Australian	Morphology
wrn	Warndarang	4	Equal prefixing and suffixing	-14.4166666667	135.583333333	Maran	Australian	Morphology
wrg	Warrgamay	2	Strongly suffixing	-18.5833333333	146.083333333	Pama-Nyungan	Australian	Morphology
wrb	Warrnambool	2	Strongly suffixing	-38.25	142.5	Pama-Nyungan	Australian	Morphology
wrw	Warrwa	5	Weakly prefixing	-17.5	123.5	Nyulnyulan	Australian	Morphology
was	Washo	3	Weakly suffixing	39.25	-120.0	Washo	Washo	Morphology
wsk	Waskia	2	Strongly suffixing	-4.5	146.0	Madang	Trans-New Guinea	Morphology
wat	Watjarri	2	Strongly suffixing	-26.0	117.5	Pama-Nyungan	Australian	Morphology
wau	Waunana	2	Strongly suffixing	4.0	-77.0	Choco	Choco	Morphology
wed	Wedau	3	Weakly suffixing	-10.1666666667	150.166666667	Oceanic	Austronesian	Morphology
wel	Welsh	2	Strongly suffixing	52.0	-3.0	Celtic	Indo-European	Morphology
wem	Wembawemba	2	Strongly suffixing	-35.3333333333	144.0	Pama-Nyungan	Australian	Morphology
wma	West Makian	6	Strong prefixing	0.5	127.583333333	North Halmaheran	West Papuan	Morphology
wic	Wichita	5	Weakly prefixing	33.3333333333	-97.3333333333	Caddoan	Caddoan	Morphology
wch	Wichí	4	Equal prefixing and suffixing	-22.5	-62.5833333333	Matacoan	Matacoan	Morphology
wmu	Wik Munkan	2	Strongly suffixing	-13.9166666667	141.75	Pama-Nyungan	Australian	Morphology
wik	Wikchamni	2	Strongly suffixing	36.4166666667	-119.083333333	Yokuts	Penutian	Morphology
win	Wintu	2	Strongly suffixing	41.0	-122.5	Wintuan	Penutian	Morphology
wiy	Wiyot	2	Strongly suffixing	40.8333333333	-124.166666667	Wiyot	Algic	Morphology
wly	Wolaytta	2	Strongly suffixing	6.83333333333	37.75	North Omotic	Afro-Asiatic	Morphology
wol	Woleaian	1	Little affixation	7.33333333333	143.833333333	Oceanic	Austronesian	Morphology
wlo	Wolio	4	Equal prefixing and suffixing	-5.5	122.75	Celebic	Austronesian	Morphology
wlf	Wolof	1	Little affixation	15.25	-16.0	Northern Atlantic	Niger-Congo	Morphology
xas	Xasonga	1	Little affixation	14.25	-10.5	Western Mande	Niger-Congo	Morphology
xav	Xavánte	5	Weakly prefixing	-15.0	-52.5	Ge-Kaingang	Macro-Ge	Morphology
xho	Xhosa	6	Strong prefixing	-32.0	27.0	Bantoid	Niger-Congo	Morphology
xar	Xârâcùù	1	Little affixation	-21.6666666667	166.0	Oceanic	Austronesian	Morphology
ygr	Yagaria	4	Equal prefixing and suffixing	-6.33333333333	145.416666667	Eastern Highlands	Trans-New Guinea	Morphology
yag	Yagua	2	Strongly suffixing	-3.5	-72.0	Peba-Yaguan	Peba-Yaguan	Morphology
ykt	Yakut	2	Strongly suffixing	62.0	130.0	Turkic	Altaic	Morphology
yal	Yale (Kosarek)	2	Strongly suffixing	-4.08333333333	139.5	Mek	Trans-New Guinea	Morphology
yap	Yapese	1	Little affixation	9.58333333333	138.166666667	Yapese	Austronesian	Morphology
yaq	Yaqui	2	Strongly suffixing	27.5	-110.25	Cahita	Uto-Aztecan	Morphology
yar	Yareba	2	Strongly suffixing	-9.5	148.5	Yareban	Yareban	Morphology
ywl	Yawelmani	2	Strongly suffixing	35.4166666667	-119.0	Yokuts	Penutian	Morphology
yid	Yidiny	2	Strongly suffixing	-17.0	145.75	Pama-Nyungan	Australian	Morphology
yim	Yimas	4	Equal prefixing and suffixing	-4.66666666667	143.55	Lower Sepik	Lower Sepik-Ramu	Morphology
yin	Yindjibarndi	2	Strongly suffixing	-21.75	117.916666667	Pama-Nyungan	Australian	Morphology
yng	Yingkarta	2	Strongly suffixing	-25.1666666667	114.833333333	Pama-Nyungan	Australian	Morphology
yok	Yokuts (Yaudanchi)	2	Strongly suffixing	36.0833333333	-119.083333333	Yokuts	Penutian	Morphology
yor	Yoruba	1	Little affixation	8.0	4.33333333333	Defoid	Niger-Congo	Morphology
yuc	Yuchi	4	Equal prefixing and suffixing	35.75	-86.75	Yuchi	Yuchi	Morphology
yko	Yukaghir (Kolyma)	2	Strongly suffixing	65.75	150.833333333	Yukaghir	Yukaghir	Morphology
ytu	Yukaghir (Tundra)	2	Strongly suffixing	69.0	155.0	Yukaghir	Yukaghir	Morphology
yuk	Yukulta	2	Strongly suffixing	-17.3333333333	138.833333333	Tangkic	Australian	Morphology
yul	Yulu	4	Equal prefixing and suffixing	8.5	25.25	Bongo-Bagirmi	Nilo-Saharan	Morphology
ypk	Yup'ik (Central)	2	Strongly suffixing	59.5	-160.0	Eskimo	Eskimo-Aleut	Morphology
yur	Yurok	3	Weakly suffixing	41.3333333333	-124.0	Yurok	Algic	Morphology
yuw	Yuwaalaraay	2	Strongly suffixing	-29.5	148.0	Pama-Nyungan	Australian	Morphology
zan	Zande	4	Equal prefixing and suffixing	4.0	26.0	Ubangi	Niger-Congo	Morphology
zpr	Zaparo	3	Weakly suffixing	-2.0	-76.3333333333	Zaparoan	Zaparoan	Morphology
zai	Zapotec (Isthmus)	4	Equal prefixing and suffixing	16.416667	-95.0	Zapotecan	Oto-Manguean	Morphology
zap	Zapotec (Mitla)	4	Equal prefixing and suffixing	16.8	-96.25	Zapotecan	Oto-Manguean	Morphology
zzo	Zapotec (Zoogocho)	4	Equal prefixing and suffixing	17.25	-96.25	Zapotecan	Oto-Manguean	Morphology
zay	Zayse	2	Strongly suffixing	5.91666666667	37.3333333333	North Omotic	Afro-Asiatic	Morphology
zhn	Zhuang (Northern)	1	Little affixation	24.0	108.0	Kam-Tai	Tai-Kadai	Morphology
zqc	Zoque (Copainalá)	4	Equal prefixing and suffixing	17.0	-93.25	Mixe-Zoque	Mixe-Zoque	Morphology
zqo	Zoque (Ostuacan)	4	Equal prefixing and suffixing	17.4166666667	-93.3	Mixe-Zoque	Mixe-Zoque	Morphology
zqs	Zoque (Soteapan)	4	Equal prefixing and suffixing	18.3333333333	-95.1666666667	Mixe-Zoque	Mixe-Zoque	Morphology
zul	Zulu	6	Strong prefixing	-30.0	30.0	Bantoid	Niger-Congo	Morphology
eme	Émérillon	4	Equal prefixing and suffixing	3.16666666667	-52.4166666667	Tupi-Guaraní	TupianMorphology
omi	Ömie	2	Strongly suffixing	-9.05	148.083333333	Koiarian	Trans-New Guinea	Morphology
